Country Name,Country Code,Region,Age Group,Literacy Rate,Year
Afghanistan,AFG,South Asia,Elderly (both),20.32185,2011
Afghanistan,AFG,South Asia,Elderly (female),19.67049,2011
Afghanistan,AFG,South Asia,Elderly (male),11.3568801879883,1979
Afghanistan,AFG,South Asia,Adult (both),23.15362,2011
Afghanistan,AFG,South Asia,Adult (female),8.41276,2011
Afghanistan,AFG,South Asia,Adult (male),37.79481,2011
Afghanistan,AFG,South Asia,Youth (both),46.99005,2011
Afghanistan,AFG,South Asia,Youth (female),32.11322,2011
Afghanistan,AFG,South Asia,Youth (male),61.87907,2011
Albania,ALB,Europe & Central Asia,Elderly (both),86.91226,2012
Albania,ALB,Europe & Central Asia,Elderly (female),83.88708,2012
Albania,ALB,Europe & Central Asia,Elderly (male),91.99064,2012
Albania,ALB,Europe & Central Asia,Adult (both),98.9171,2012
Albania,ALB,Europe & Central Asia,Adult (female),98.81971,2012
Albania,ALB,Europe & Central Asia,Adult (male),99.01541,2012
Albania,ALB,Europe & Central Asia,Youth (both),99.2314,2012
Albania,ALB,Europe & Central Asia,Youth (female),99.02019,2012
Albania,ALB,Europe & Central Asia,Youth (male),99.37598,2012
Algeria,DZA,Middle East & North Africa,Elderly (both),19.54882,2008
Algeria,DZA,Middle East & North Africa,Elderly (female),9.1492,2008
Algeria,DZA,Middle East & North Africa,Elderly (male),30.12364,2008
Algeria,DZA,Middle East & North Africa,Adult (both),72.71219,2008
Algeria,DZA,Middle East & North Africa,Adult (female),62.93116,2008
Algeria,DZA,Middle East & North Africa,Adult (male),82.36369,2008
Algeria,DZA,Middle East & North Africa,Youth (both),93.76733,2008
Algeria,DZA,Middle East & North Africa,Youth (female),91.73993,2008
Algeria,DZA,Middle East & North Africa,Youth (male),95.74706,2008
American Samoa,ASM,East Asia & Pacific,Elderly (both),92.6984100341797,1980
American Samoa,ASM,East Asia & Pacific,Elderly (female),91.2133865356445,1980
American Samoa,ASM,East Asia & Pacific,Elderly (male),94.2184219360352,1980
American Samoa,ASM,East Asia & Pacific,Adult (both),97.54427,1980
American Samoa,ASM,East Asia & Pacific,Adult (female),97.59475,1980
American Samoa,ASM,East Asia & Pacific,Adult (male),97.49609,1980
American Samoa,ASM,East Asia & Pacific,Youth (both),97.6542129516602,1980
American Samoa,ASM,East Asia & Pacific,Youth (female),97.4436492919922,1980
American Samoa,ASM,East Asia & Pacific,Youth (male),97.8886184692383,1980
Andorra,AND,Europe & Central Asia,Elderly (both),100.0,2016
Andorra,AND,Europe & Central Asia,Elderly (female),100.0,2016
Andorra,AND,Europe & Central Asia,Elderly (male),100.0,2016
Andorra,AND,Europe & Central Asia,Adult (both),100.0,2016
Andorra,AND,Europe & Central Asia,Adult (female),100.0,2016
Andorra,AND,Europe & Central Asia,Adult (male),100.0,2016
Andorra,AND,Europe & Central Asia,Youth (both),100.0,2016
Andorra,AND,Europe & Central Asia,Youth (female),100.0,2016
Andorra,AND,Europe & Central Asia,Youth (male),100.0,2016
Angola,AGO,Sub-Saharan Africa,Elderly (both),27.02533,2014
Angola,AGO,Sub-Saharan Africa,Elderly (female),11.43792,2014
Angola,AGO,Sub-Saharan Africa,Elderly (male),47.48307,2014
Angola,AGO,Sub-Saharan Africa,Adult (both),62.4702,2014
Angola,AGO,Sub-Saharan Africa,Adult (female),47.12731,2014
Angola,AGO,Sub-Saharan Africa,Adult (male),79.37238,2014
Angola,AGO,Sub-Saharan Africa,Youth (both),77.43113,2014
Angola,AGO,Sub-Saharan Africa,Youth (female),70.58513,2014
Angola,AGO,Sub-Saharan Africa,Youth (male),84.86238,2014
Argentina,ARG,Latin America & Caribbean,Elderly (both),95.09,2015
Argentina,ARG,Latin America & Caribbean,Elderly (female),94.97,2015
Argentina,ARG,Latin America & Caribbean,Elderly (male),95.27,2015
Argentina,ARG,Latin America & Caribbean,Adult (both),98.37,2015
Argentina,ARG,Latin America & Caribbean,Adult (female),98.55,2015
Argentina,ARG,Latin America & Caribbean,Adult (male),98.18,2015
Argentina,ARG,Latin America & Caribbean,Youth (both),99.3,2015
Argentina,ARG,Latin America & Caribbean,Youth (female),99.48,2015
Argentina,ARG,Latin America & Caribbean,Youth (male),99.13,2015
Armenia,ARM,Europe & Central Asia,Elderly (both),98.94344,2011
Armenia,ARM,Europe & Central Asia,Elderly (female),98.57369,2011
Armenia,ARM,Europe & Central Asia,Elderly (male),99.49292,2011
Armenia,ARM,Europe & Central Asia,Adult (both),99.86799,2011
Armenia,ARM,Europe & Central Asia,Adult (female),99.88,2011
Armenia,ARM,Europe & Central Asia,Adult (male),99.85444,2011
Armenia,ARM,Europe & Central Asia,Youth (both),99.8474,2011
Armenia,ARM,Europe & Central Asia,Youth (female),99.87619,2011
Armenia,ARM,Europe & Central Asia,Youth (male),99.81842,2011
Aruba,ABW,Latin America & Caribbean,Elderly (both),88.86238,2010
Aruba,ABW,Latin America & Caribbean,Elderly (female),87.80247,2010
Aruba,ABW,Latin America & Caribbean,Elderly (male),90.32478,2010
Aruba,ABW,Latin America & Caribbean,Adult (both),97.7763,2010
Aruba,ABW,Latin America & Caribbean,Adult (female),97.97445,2010
Aruba,ABW,Latin America & Caribbean,Adult (male),97.54666,2010
Aruba,ABW,Latin America & Caribbean,Youth (both),99.13841,2010
Aruba,ABW,Latin America & Caribbean,Youth (female),99.3231,2010
Aruba,ABW,Latin America & Caribbean,Youth (male),98.96573,2010
Azerbaijan,AZE,Europe & Central Asia,Elderly (both),98.41533,2016
Azerbaijan,AZE,Europe & Central Asia,Elderly (female),98.26912,2016
Azerbaijan,AZE,Europe & Central Asia,Elderly (male),98.61513,2016
Azerbaijan,AZE,Europe & Central Asia,Adult (both),99.90467,2016
Azerbaijan,AZE,Europe & Central Asia,Adult (female),99.85409,2016
Azerbaijan,AZE,Europe & Central Asia,Adult (male),99.95821,2016
Azerbaijan,AZE,Europe & Central Asia,Youth (both),99.94048,2016
Azerbaijan,AZE,Europe & Central Asia,Youth (female),99.91648,2016
Azerbaijan,AZE,Europe & Central Asia,Youth (male),99.96238,2016
Bahrain,BHR,Middle East & North Africa,Elderly (both),49.28206,2010
Bahrain,BHR,Middle East & North Africa,Elderly (female),31.90705,2010
Bahrain,BHR,Middle East & North Africa,Elderly (male),67.20981,2010
Bahrain,BHR,Middle East & North Africa,Adult (both),95.22473,2010
Bahrain,BHR,Middle East & North Africa,Adult (female),92.84268,2010
Bahrain,BHR,Middle East & North Africa,Adult (male),96.36065,2010
Bahrain,BHR,Middle East & North Africa,Youth (both),98.1636,2010
Bahrain,BHR,Middle East & North Africa,Youth (female),97.58234,2010
Bahrain,BHR,Middle East & North Africa,Youth (male),98.61991,2010
Bangladesh,BGD,South Asia,Elderly (both),40.04648,2016
Bangladesh,BGD,South Asia,Elderly (female),25.0229,2016
Bangladesh,BGD,South Asia,Elderly (male),52.44415,2016
Bangladesh,BGD,South Asia,Adult (both),68.07324,2016
Bangladesh,BGD,South Asia,Adult (female),64.15069,2016
Bangladesh,BGD,South Asia,Adult (male),72.01342,2016
Bangladesh,BGD,South Asia,Youth (both),92.24265,2016
Bangladesh,BGD,South Asia,Youth (female),93.53532,2016
Bangladesh,BGD,South Asia,Youth (male),90.90535,2016
Barbados,BRB,Latin America & Caribbean,Elderly (both),97.9000015258789,1970
Barbados,BRB,Latin America & Caribbean,Elderly (female),97.9000015258789,1970
Barbados,BRB,Latin America & Caribbean,Elderly (male),97.9000015258789,1970
Barbados,BRB,Latin America & Caribbean,Adult (both),99.31911,1970
Barbados,BRB,Latin America & Caribbean,Adult (female),99.38105,1970
Barbados,BRB,Latin America & Caribbean,Adult (male),99.23884,1970
Barbados,BRB,Latin America & Caribbean,Youth (both),99.7551879882813,1970
Barbados,BRB,Latin America & Caribbean,Youth (female),99.8000030517578,1970
Barbados,BRB,Latin America & Caribbean,Youth (male),99.7203903198242,1970
Belarus,BLR,Europe & Central Asia,Elderly (both),98.58168,2009
Belarus,BLR,Europe & Central Asia,Elderly (female),98.16666,2009
Belarus,BLR,Europe & Central Asia,Elderly (male),99.46066,2009
Belarus,BLR,Europe & Central Asia,Adult (both),99.82655,2009
Belarus,BLR,Europe & Central Asia,Adult (female),99.84579,2009
Belarus,BLR,Europe & Central Asia,Adult (male),99.80534,2009
Belarus,BLR,Europe & Central Asia,Youth (both),99.82321,2009
Belarus,BLR,Europe & Central Asia,Youth (female),99.84739,2009
Belarus,BLR,Europe & Central Asia,Youth (male),99.80033,2009
Belize,BLZ,Latin America & Caribbean,Elderly (both),44.765251159668,1991
Belize,BLZ,Latin America & Caribbean,Elderly (female),44.7076606750488,1991
Belize,BLZ,Latin America & Caribbean,Elderly (male),44.82666015625,1991
Belize,BLZ,Latin America & Caribbean,Youth (both),79.3117370605469,1991
Belize,BLZ,Latin America & Caribbean,Youth (female),79.8089294433594,1991
Belize,BLZ,Latin America & Caribbean,Youth (male),78.8059463500977,1991
Benin,BEN,Sub-Saharan Africa,Elderly (both),7.02535,2012
Benin,BEN,Sub-Saharan Africa,Elderly (female),1.35646,2012
Benin,BEN,Sub-Saharan Africa,Elderly (male),11.94767,2012
Benin,BEN,Sub-Saharan Africa,Adult (both),27.022,2012
Benin,BEN,Sub-Saharan Africa,Adult (female),16.27025,2012
Benin,BEN,Sub-Saharan Africa,Adult (male),39.9053,2012
Benin,BEN,Sub-Saharan Africa,Youth (both),52.49247,2012
Benin,BEN,Sub-Saharan Africa,Youth (female),40.93838,2012
Benin,BEN,Sub-Saharan Africa,Youth (male),63.94092,2012
Bhutan,BTN,South Asia,Elderly (both),14.93796,2012
Bhutan,BTN,South Asia,Elderly (female),3.86781,2012
Bhutan,BTN,South Asia,Elderly (male),24.28077,2012
Bhutan,BTN,South Asia,Adult (both),48.70709,2012
Bhutan,BTN,South Asia,Adult (female),35.61217,2012
Bhutan,BTN,South Asia,Adult (male),61.49388,2012
Bhutan,BTN,South Asia,Youth (both),87.31836,2012
Bhutan,BTN,South Asia,Youth (female),84.48774,2012
Bhutan,BTN,South Asia,Youth (male),90.39581,2012
Bolivia,BOL,Latin America & Caribbean,Elderly (both),67.47343,2015
Bolivia,BOL,Latin America & Caribbean,Elderly (female),54.01216,2015
Bolivia,BOL,Latin America & Caribbean,Elderly (male),82.5782,2015
Bolivia,BOL,Latin America & Caribbean,Adult (both),93.37576,2015
Bolivia,BOL,Latin America & Caribbean,Adult (female),89.57309,2015
Bolivia,BOL,Latin America & Caribbean,Adult (male),97.3792,2015
Bolivia,BOL,Latin America & Caribbean,Youth (both),99.39917,2015
Bolivia,BOL,Latin America & Caribbean,Youth (female),99.40421,2015
Bolivia,BOL,Latin America & Caribbean,Youth (male),99.39402,2015
Bosnia and Herzegovina,BIH,Europe & Central Asia,Elderly (both),86.03942,2013
Bosnia and Herzegovina,BIH,Europe & Central Asia,Elderly (female),78.10755,2013
Bosnia and Herzegovina,BIH,Europe & Central Asia,Elderly (male),97.02527,2013
Bosnia and Herzegovina,BIH,Europe & Central Asia,Adult (both),99.04176,2013
Bosnia and Herzegovina,BIH,Europe & Central Asia,Adult (female),98.58401,2013
Bosnia and Herzegovina,BIH,Europe & Central Asia,Adult (male),99.50197,2013
Bosnia and Herzegovina,BIH,Europe & Central Asia,Youth (both),99.66243,2013
Bosnia and Herzegovina,BIH,Europe & Central Asia,Youth (female),99.66747,2013
Bosnia and Herzegovina,BIH,Europe & Central Asia,Youth (male),99.65765,2013
Botswana,BWA,Sub-Saharan Africa,Elderly (both),30.86753,2003
Botswana,BWA,Sub-Saharan Africa,Elderly (female),26.81527,2003
Botswana,BWA,Sub-Saharan Africa,Elderly (male),36.31143,2003
Botswana,BWA,Sub-Saharan Africa,Adult (both),75.73181,2003
Botswana,BWA,Sub-Saharan Africa,Adult (female),76.39627,2003
Botswana,BWA,Sub-Saharan Africa,Adult (male),74.88663,2003
Botswana,BWA,Sub-Saharan Africa,Youth (both),93.95744,2003
Botswana,BWA,Sub-Saharan Africa,Youth (female),95.59602,2003
Botswana,BWA,Sub-Saharan Africa,Youth (male),92.08331,2003
Brazil,BRA,Latin America & Caribbean,Elderly (both),73.55055,2014
Brazil,BRA,Latin America & Caribbean,Elderly (female),72.8153,2014
Brazil,BRA,Latin America & Caribbean,Elderly (male),74.51312,2014
Brazil,BRA,Latin America & Caribbean,Adult (both),92.72405,2014
Brazil,BRA,Latin America & Caribbean,Adult (female),93.61821,2014
Brazil,BRA,Latin America & Caribbean,Adult (male),91.74307,2014
Brazil,BRA,Latin America & Caribbean,Youth (both),98.84569,2014
Brazil,BRA,Latin America & Caribbean,Youth (female),99.25031,2014
Brazil,BRA,Latin America & Caribbean,Youth (male),98.44697,2014
Brunei Darussalam,BRN,East Asia & Pacific,Elderly (both),61.64551,2011
Brunei Darussalam,BRN,East Asia & Pacific,Elderly (female),43.75523,2011
Brunei Darussalam,BRN,East Asia & Pacific,Elderly (male),80.81864,2011
Brunei Darussalam,BRN,East Asia & Pacific,Adult (both),97.23414,2011
Brunei Darussalam,BRN,East Asia & Pacific,Adult (female),96.5837,2011
Brunei Darussalam,BRN,East Asia & Pacific,Adult (male),97.83945,2011
Brunei Darussalam,BRN,East Asia & Pacific,Youth (both),99.36677,2011
Brunei Darussalam,BRN,East Asia & Pacific,Youth (female),99.54606,2011
Brunei Darussalam,BRN,East Asia & Pacific,Youth (male),99.19989,2011
Bulgaria,BGR,Europe & Central Asia,Elderly (both),97.51726,2011
Bulgaria,BGR,Europe & Central Asia,Elderly (female),96.74604,2011
Bulgaria,BGR,Europe & Central Asia,Elderly (male),98.64129,2011
Bulgaria,BGR,Europe & Central Asia,Adult (both),98.72714,2011
Bulgaria,BGR,Europe & Central Asia,Adult (female),98.53264,2011
Bulgaria,BGR,Europe & Central Asia,Adult (male),98.92084,2011
Bulgaria,BGR,Europe & Central Asia,Youth (both),97.86505,2011
Bulgaria,BGR,Europe & Central Asia,Youth (female),97.65106,2011
Bulgaria,BGR,Europe & Central Asia,Youth (male),98.06693,2011
Burkina Faso,BFA,Sub-Saharan Africa,Elderly (both),8.39421,2014
Burkina Faso,BFA,Sub-Saharan Africa,Elderly (female),2.08437,2014
Burkina Faso,BFA,Sub-Saharan Africa,Elderly (male),14.55358,2014
Burkina Faso,BFA,Sub-Saharan Africa,Adult (both),28.83165,2014
Burkina Faso,BFA,Sub-Saharan Africa,Adult (female),18.97996,2014
Burkina Faso,BFA,Sub-Saharan Africa,Adult (male),40.79736,2014
Burkina Faso,BFA,Sub-Saharan Africa,Youth (both),50.0963,2014
Burkina Faso,BFA,Sub-Saharan Africa,Youth (female),43.98583,2014
Burkina Faso,BFA,Sub-Saharan Africa,Youth (male),56.99489,2014
Burundi,BDI,Sub-Saharan Africa,Elderly (both),24.93363,2014
Burundi,BDI,Sub-Saharan Africa,Elderly (female),14.08968,2014
Burundi,BDI,Sub-Saharan Africa,Elderly (male),37.5231,2014
Burundi,BDI,Sub-Saharan Africa,Adult (both),54.73695,2014
Burundi,BDI,Sub-Saharan Africa,Adult (female),46.44542,2014
Burundi,BDI,Sub-Saharan Africa,Adult (male),64.18999,2014
Burundi,BDI,Sub-Saharan Africa,Youth (both),79.55961,2014
Burundi,BDI,Sub-Saharan Africa,Youth (female),74.95891,2014
Burundi,BDI,Sub-Saharan Africa,Youth (male),85.29008,2014
Cabo Verde,CPV,Sub-Saharan Africa,Elderly (both),36.81937,2015
Cabo Verde,CPV,Sub-Saharan Africa,Elderly (female),22.68927,2015
Cabo Verde,CPV,Sub-Saharan Africa,Elderly (male),57.7332,2015
Cabo Verde,CPV,Sub-Saharan Africa,Adult (both),88.13747,2015
Cabo Verde,CPV,Sub-Saharan Africa,Adult (female),84.18067,2015
Cabo Verde,CPV,Sub-Saharan Africa,Adult (male),92.3831,2015
Cabo Verde,CPV,Sub-Saharan Africa,Youth (both),98.11131,2015
Cabo Verde,CPV,Sub-Saharan Africa,Youth (female),98.73018,2015
Cabo Verde,CPV,Sub-Saharan Africa,Youth (male),97.58501,2015
Cambodia,KHM,East Asia & Pacific,Elderly (both),40.11155,2009
Cambodia,KHM,East Asia & Pacific,Elderly (female),18.61879,2009
Cambodia,KHM,East Asia & Pacific,Elderly (male),70.49176,2009
Cambodia,KHM,East Asia & Pacific,Adult (both),66.29273,1998
Cambodia,KHM,East Asia & Pacific,Adult (female),55.0429,1998
Cambodia,KHM,East Asia & Pacific,Adult (male),80.02892,1998
Cambodia,KHM,East Asia & Pacific,Youth (both),87.13246,2009
Cambodia,KHM,East Asia & Pacific,Youth (female),85.86868,2009
Cambodia,KHM,East Asia & Pacific,Youth (male),88.35612,2009
Cameroon,CMR,Sub-Saharan Africa,Elderly (both),26.12444,2010
Cameroon,CMR,Sub-Saharan Africa,Elderly (female),11.96237,2010
Cameroon,CMR,Sub-Saharan Africa,Elderly (male),42.44267,2010
Cameroon,CMR,Sub-Saharan Africa,Adult (both),70.26898,2010
Cameroon,CMR,Sub-Saharan Africa,Adult (female),63.0522,2010
Cameroon,CMR,Sub-Saharan Africa,Adult (male),77.74419,2010
Cameroon,CMR,Sub-Saharan Africa,Youth (both),80.57444,2010
Cameroon,CMR,Sub-Saharan Africa,Youth (female),76.42093,2010
Cameroon,CMR,Sub-Saharan Africa,Youth (male),85.39748,2010
Cayman Islands,CYM,Latin America & Caribbean,Elderly (both),94.70526,2007
Cayman Islands,CYM,Latin America & Caribbean,Elderly (female),98.61687,2007
Cayman Islands,CYM,Latin America & Caribbean,Elderly (male),90.62725,2007
Cayman Islands,CYM,Latin America & Caribbean,Adult (both),99.225,2007
Cayman Islands,CYM,Latin America & Caribbean,Adult (female),99.12397,2007
Cayman Islands,CYM,Latin America & Caribbean,Adult (male),99.32203,2007
Cayman Islands,CYM,Latin America & Caribbean,Youth (both),98.90682,2007
Cayman Islands,CYM,Latin America & Caribbean,Youth (female),98.62333,2007
Cayman Islands,CYM,Latin America & Caribbean,Youth (male),99.14231,2007
Central African Republic,CAF,Sub-Saharan Africa,Elderly (both),35.71963,2010
Central African Republic,CAF,Sub-Saharan Africa,Elderly (female),17.2606,2010
Central African Republic,CAF,Sub-Saharan Africa,Elderly (male),55.54879,2010
Central African Republic,CAF,Sub-Saharan Africa,Adult (both),37.02668,2010
Central African Republic,CAF,Sub-Saharan Africa,Adult (female),23.1835,2010
Central African Republic,CAF,Sub-Saharan Africa,Adult (male),51.31288,2010
Central African Republic,CAF,Sub-Saharan Africa,Youth (both),36.35627,2010
Central African Republic,CAF,Sub-Saharan Africa,Youth (female),26.97133,2010
Central African Republic,CAF,Sub-Saharan Africa,Youth (male),48.8571,2010
Chad,TCD,Sub-Saharan Africa,Elderly (both),7.02806,2016
Chad,TCD,Sub-Saharan Africa,Elderly (female),3.18916,2016
Chad,TCD,Sub-Saharan Africa,Elderly (male),10.03696,2016
Chad,TCD,Sub-Saharan Africa,Adult (both),18.73919,2016
Chad,TCD,Sub-Saharan Africa,Adult (female),9.54922,2016
Chad,TCD,Sub-Saharan Africa,Adult (male),28.4492,2016
Chad,TCD,Sub-Saharan Africa,Youth (both),30.79161,2016
Chad,TCD,Sub-Saharan Africa,Youth (female),22.38715,2016
Chad,TCD,Sub-Saharan Africa,Youth (male),40.69289,2016
Chile,CHL,Latin America & Caribbean,Elderly (both),88.88762,2013
Chile,CHL,Latin America & Caribbean,Elderly (female),88.47252,2013
Chile,CHL,Latin America & Caribbean,Elderly (male),89.45651,2013
Chile,CHL,Latin America & Caribbean,Adult (both),97.08352,2013
Chile,CHL,Latin America & Caribbean,Adult (female),97.21687,2013
Chile,CHL,Latin America & Caribbean,Adult (male),96.92927,2013
Chile,CHL,Latin America & Caribbean,Youth (both),99.04828,2013
Chile,CHL,Latin America & Caribbean,Youth (female),99.08694,2013
Chile,CHL,Latin America & Caribbean,Youth (male),99.00978,2013
China,CHN,East Asia & Pacific,Elderly (both),73.90746,2010
China,CHN,East Asia & Pacific,Elderly (female),62.64322,2010
China,CHN,East Asia & Pacific,Elderly (male),86.06095,2010
China,CHN,East Asia & Pacific,Adult (both),97.07986,2010
China,CHN,East Asia & Pacific,Adult (female),95.6095,2010
China,CHN,East Asia & Pacific,Adult (male),98.49897,2010
China,CHN,East Asia & Pacific,Youth (both),99.64229,2010
China,CHN,East Asia & Pacific,Youth (female),99.59304,2010
China,CHN,East Asia & Pacific,Youth (male),99.68962,2010
Colombia,COL,Latin America & Caribbean,Elderly (both),80.27944,2015
Colombia,COL,Latin America & Caribbean,Elderly (female),79.89859,2015
Colombia,COL,Latin America & Caribbean,Elderly (male),80.73869,2015
Colombia,COL,Latin America & Caribbean,Adult (both),94.94909,2015
Colombia,COL,Latin America & Caribbean,Adult (female),95.3262,2015
Colombia,COL,Latin America & Caribbean,Adult (male),94.54587,2015
Colombia,COL,Latin America & Caribbean,Youth (both),98.53473,2015
Colombia,COL,Latin America & Caribbean,Youth (female),98.91534,2015
Colombia,COL,Latin America & Caribbean,Youth (male),98.15518,2015
Comoros,COM,Sub-Saharan Africa,Elderly (both),12.76771,2012
Comoros,COM,Sub-Saharan Africa,Elderly (female),3.1365,2012
Comoros,COM,Sub-Saharan Africa,Elderly (male),21.85516,2012
Comoros,COM,Sub-Saharan Africa,Adult (both),42.42717,2012
Comoros,COM,Sub-Saharan Africa,Adult (female),33.34225,2012
Comoros,COM,Sub-Saharan Africa,Adult (male),52.71296,2012
Comoros,COM,Sub-Saharan Africa,Youth (both),71.58127,2012
Comoros,COM,Sub-Saharan Africa,Youth (female),69.59522,2012
Comoros,COM,Sub-Saharan Africa,Youth (male),73.81077,2012
"Congo, Dem. Rep.",COD,Sub-Saharan Africa,Elderly (both),47.97039,2016
"Congo, Dem. Rep.",COD,Sub-Saharan Africa,Elderly (female),23.32009,2016
"Congo, Dem. Rep.",COD,Sub-Saharan Africa,Elderly (male),75.96216,2016
"Congo, Dem. Rep.",COD,Sub-Saharan Africa,Adult (both),75.07017,2016
"Congo, Dem. Rep.",COD,Sub-Saharan Africa,Adult (female),62.71874,2016
"Congo, Dem. Rep.",COD,Sub-Saharan Africa,Adult (male),88.20814,2016
"Congo, Dem. Rep.",COD,Sub-Saharan Africa,Youth (both),84.98951,2016
"Congo, Dem. Rep.",COD,Sub-Saharan Africa,Youth (female),79.71484,2016
"Congo, Dem. Rep.",COD,Sub-Saharan Africa,Youth (male),90.96097,2016
"Congo, Rep.",COG,Sub-Saharan Africa,Elderly (both),73.08353,2011
"Congo, Rep.",COG,Sub-Saharan Africa,Elderly (female),61.38425,2011
"Congo, Rep.",COG,Sub-Saharan Africa,Elderly (male),88.14956,2011
"Congo, Rep.",COG,Sub-Saharan Africa,Adult (both),79.02279,2011
"Congo, Rep.",COG,Sub-Saharan Africa,Adult (female),71.7576,2011
"Congo, Rep.",COG,Sub-Saharan Africa,Adult (male),86.65503,2011
"Congo, Rep.",COG,Sub-Saharan Africa,Youth (both),80.91395,2011
"Congo, Rep.",COG,Sub-Saharan Africa,Youth (female),76.94608,2011
"Congo, Rep.",COG,Sub-Saharan Africa,Youth (male),85.68361,2011
Costa Rica,CRI,Latin America & Caribbean,Elderly (both),90.37477,2011
Costa Rica,CRI,Latin America & Caribbean,Elderly (female),90.48849,2011
Costa Rica,CRI,Latin America & Caribbean,Elderly (male),90.24373,2011
Costa Rica,CRI,Latin America & Caribbean,Adult (both),97.77837,2011
Costa Rica,CRI,Latin America & Caribbean,Adult (female),97.91092,2011
Costa Rica,CRI,Latin America & Caribbean,Adult (male),97.63539,2011
Costa Rica,CRI,Latin America & Caribbean,Youth (both),99.1337,2011
Costa Rica,CRI,Latin America & Caribbean,Youth (female),99.25812,2011
Costa Rica,CRI,Latin America & Caribbean,Youth (male),99.00768,2011
Cote d'Ivoire,CIV,Sub-Saharan Africa,Elderly (both),17.99265,2014
Cote d'Ivoire,CIV,Sub-Saharan Africa,Elderly (female),10.40017,2014
Cote d'Ivoire,CIV,Sub-Saharan Africa,Elderly (male),25.45738,2014
Cote d'Ivoire,CIV,Sub-Saharan Africa,Adult (both),41.12454,2014
Cote d'Ivoire,CIV,Sub-Saharan Africa,Adult (female),33.24311,2014
Cote d'Ivoire,CIV,Sub-Saharan Africa,Adult (male),48.37301,2014
Cote d'Ivoire,CIV,Sub-Saharan Africa,Youth (both),53.02069,2014
Cote d'Ivoire,CIV,Sub-Saharan Africa,Youth (female),47.03975,2014
Cote d'Ivoire,CIV,Sub-Saharan Africa,Youth (male),59.12435,2014
Croatia,HRV,Europe & Central Asia,Elderly (both),97.10822,2011
Croatia,HRV,Europe & Central Asia,Elderly (female),95.71671,2011
Croatia,HRV,Europe & Central Asia,Elderly (male),99.28057,2011
Croatia,HRV,Europe & Central Asia,Adult (both),99.64379,2011
Croatia,HRV,Europe & Central Asia,Adult (female),99.58874,2011
Croatia,HRV,Europe & Central Asia,Adult (male),99.6995,2011
Croatia,HRV,Europe & Central Asia,Youth (both),99.72363,2011
Croatia,HRV,Europe & Central Asia,Youth (female),99.73572,2011
Croatia,HRV,Europe & Central Asia,Youth (male),99.71204,2011
Cuba,CUB,Latin America & Caribbean,Elderly (both),99.16398,2012
Cuba,CUB,Latin America & Caribbean,Elderly (female),99.17304,2012
Cuba,CUB,Latin America & Caribbean,Elderly (male),99.15391,2012
Cuba,CUB,Latin America & Caribbean,Adult (both),99.75175,2012
Cuba,CUB,Latin America & Caribbean,Adult (female),99.76695,2012
Cuba,CUB,Latin America & Caribbean,Adult (male),99.73646,2012
Cuba,CUB,Latin America & Caribbean,Youth (both),99.87465,2012
Cuba,CUB,Latin America & Caribbean,Youth (female),99.8952,2012
Cuba,CUB,Latin America & Caribbean,Youth (male),99.85527,2012
Cyprus,CYP,Europe & Central Asia,Elderly (both),93.79186,2011
Cyprus,CYP,Europe & Central Asia,Elderly (female),90.54665,2011
Cyprus,CYP,Europe & Central Asia,Elderly (male),97.56441,2011
Cyprus,CYP,Europe & Central Asia,Adult (both),99.55191,2011
Cyprus,CYP,Europe & Central Asia,Adult (female),99.56177,2011
Cyprus,CYP,Europe & Central Asia,Adult (male),99.54107,2011
Cyprus,CYP,Europe & Central Asia,Youth (both),99.82099,2011
Cyprus,CYP,Europe & Central Asia,Youth (female),99.83831,2011
Cyprus,CYP,Europe & Central Asia,Youth (male),99.80454,2011
Dominican Republic,DOM,Latin America & Caribbean,Elderly (both),78.39423,2015
Dominican Republic,DOM,Latin America & Caribbean,Elderly (female),77.15816,2015
Dominican Republic,DOM,Latin America & Caribbean,Elderly (male),79.7917,2015
Dominican Republic,DOM,Latin America & Caribbean,Adult (both),92.14915,2015
Dominican Republic,DOM,Latin America & Caribbean,Adult (female),92.9819,2015
Dominican Republic,DOM,Latin America & Caribbean,Adult (male),91.26626,2015
Dominican Republic,DOM,Latin America & Caribbean,Youth (both),97.61406,2015
Dominican Republic,DOM,Latin America & Caribbean,Youth (female),98.03096,2015
Dominican Republic,DOM,Latin America & Caribbean,Youth (male),97.22539,2015
Ecuador,ECU,Latin America & Caribbean,Elderly (both),77.65764,2016
Ecuador,ECU,Latin America & Caribbean,Elderly (female),72.6472,2016
Ecuador,ECU,Latin America & Caribbean,Elderly (male),82.98528,2016
Ecuador,ECU,Latin America & Caribbean,Adult (both),95.48007,2016
Ecuador,ECU,Latin America & Caribbean,Adult (female),94.79625,2016
Ecuador,ECU,Latin America & Caribbean,Adult (male),96.22615,2016
Ecuador,ECU,Latin America & Caribbean,Youth (both),99.05711,2016
Ecuador,ECU,Latin America & Caribbean,Youth (female),99.13692,2016
Ecuador,ECU,Latin America & Caribbean,Youth (male),98.9792,2016
"Egypt, Arab Rep.",EGY,Middle East & North Africa,Elderly (both),43.21608,2013
"Egypt, Arab Rep.",EGY,Middle East & North Africa,Elderly (female),28.80172,2013
"Egypt, Arab Rep.",EGY,Middle East & North Africa,Elderly (male),57.1875,2013
"Egypt, Arab Rep.",EGY,Middle East & North Africa,Adult (both),70.93926,2013
"Egypt, Arab Rep.",EGY,Middle East & North Africa,Adult (female),61.09157,2013
"Egypt, Arab Rep.",EGY,Middle East & North Africa,Adult (male),80.40793,2013
"Egypt, Arab Rep.",EGY,Middle East & North Africa,Youth (both),92.02342,2013
"Egypt, Arab Rep.",EGY,Middle East & North Africa,Youth (female),90.3254,2013
"Egypt, Arab Rep.",EGY,Middle East & North Africa,Youth (male),93.64928,2013
El Salvador,SLV,Latin America & Caribbean,Elderly (both),64.81618,2015
El Salvador,SLV,Latin America & Caribbean,Elderly (female),60.45221,2015
El Salvador,SLV,Latin America & Caribbean,Elderly (male),70.24532,2015
El Salvador,SLV,Latin America & Caribbean,Adult (both),87.8372,2015
El Salvador,SLV,Latin America & Caribbean,Adult (female),86.09412,2015
El Salvador,SLV,Latin America & Caribbean,Adult (male),89.98307,2015
El Salvador,SLV,Latin America & Caribbean,Youth (both),97.94933,2015
El Salvador,SLV,Latin America & Caribbean,Youth (female),98.43374,2015
El Salvador,SLV,Latin America & Caribbean,Youth (male),97.46197,2015
Equatorial Guinea,GNQ,Sub-Saharan Africa,Elderly (both),52.82759,2000
Equatorial Guinea,GNQ,Sub-Saharan Africa,Elderly (female),23.02405,2000
Equatorial Guinea,GNQ,Sub-Saharan Africa,Elderly (male),72.81106,2000
Equatorial Guinea,GNQ,Sub-Saharan Africa,Adult (both),67.2379,2000
Equatorial Guinea,GNQ,Sub-Saharan Africa,Adult (female),51.3331,2000
Equatorial Guinea,GNQ,Sub-Saharan Africa,Adult (male),96.23046,2000
Equatorial Guinea,GNQ,Sub-Saharan Africa,Youth (both),97.13137,2000
Equatorial Guinea,GNQ,Sub-Saharan Africa,Youth (female),96.62424,2000
Equatorial Guinea,GNQ,Sub-Saharan Africa,Youth (male),97.6079,2000
Eritrea,ERI,Sub-Saharan Africa,Elderly (both),20.94907,2008
Eritrea,ERI,Sub-Saharan Africa,Elderly (female),10.48182,2008
Eritrea,ERI,Sub-Saharan Africa,Elderly (male),31.17709,2008
Eritrea,ERI,Sub-Saharan Africa,Adult (both),57.18028,2008
Eritrea,ERI,Sub-Saharan Africa,Adult (female),44.58364,2008
Eritrea,ERI,Sub-Saharan Africa,Adult (male),71.29315,2008
Eritrea,ERI,Sub-Saharan Africa,Youth (both),86.97491,2008
Eritrea,ERI,Sub-Saharan Africa,Youth (female),82.57652,2008
Eritrea,ERI,Sub-Saharan Africa,Youth (male),91.28661,2008
Estonia,EST,Europe & Central Asia,Elderly (both),99.72036,2011
Estonia,EST,Europe & Central Asia,Elderly (female),99.67288,2011
Estonia,EST,Europe & Central Asia,Elderly (male),99.80015,2011
Estonia,EST,Europe & Central Asia,Adult (both),99.86562,2011
Estonia,EST,Europe & Central Asia,Adult (female),99.89544,2011
Estonia,EST,Europe & Central Asia,Adult (male),99.83261,2011
Estonia,EST,Europe & Central Asia,Youth (both),99.9489,2011
Estonia,EST,Europe & Central Asia,Youth (female),99.95904,2011
Estonia,EST,Europe & Central Asia,Youth (male),99.93924,2011
Ethiopia,ETH,Sub-Saharan Africa,Elderly (both),13.62546,2007
Ethiopia,ETH,Sub-Saharan Africa,Elderly (female),7.51371,2007
Ethiopia,ETH,Sub-Saharan Africa,Elderly (male),18.47998,2007
Ethiopia,ETH,Sub-Saharan Africa,Adult (both),31.06491,2007
Ethiopia,ETH,Sub-Saharan Africa,Adult (female),19.05971,2007
Ethiopia,ETH,Sub-Saharan Africa,Adult (male),43.44223,2007
Ethiopia,ETH,Sub-Saharan Africa,Youth (both),54.98298,2007
Ethiopia,ETH,Sub-Saharan Africa,Youth (female),47.04113,2007
Ethiopia,ETH,Sub-Saharan Africa,Youth (male),62.97093,2007
Gabon,GAB,Sub-Saharan Africa,Elderly (both),60.55844,2012
Gabon,GAB,Sub-Saharan Africa,Elderly (female),49.57792,2012
Gabon,GAB,Sub-Saharan Africa,Elderly (male),78.20511,2012
Gabon,GAB,Sub-Saharan Africa,Adult (both),81.55032,2012
Gabon,GAB,Sub-Saharan Africa,Adult (female),78.73029,2012
Gabon,GAB,Sub-Saharan Africa,Adult (male),84.31595,2012
Gabon,GAB,Sub-Saharan Africa,Youth (both),88.50414,2012
Gabon,GAB,Sub-Saharan Africa,Youth (female),89.42925,2012
Gabon,GAB,Sub-Saharan Africa,Youth (male),87.38959,2012
"Gambia, The",GMB,Sub-Saharan Africa,Elderly (both),10.38129,2013
"Gambia, The",GMB,Sub-Saharan Africa,Elderly (female),1.59539,2013
"Gambia, The",GMB,Sub-Saharan Africa,Elderly (male),18.74857,2013
"Gambia, The",GMB,Sub-Saharan Africa,Adult (both),34.45535,2013
"Gambia, The",GMB,Sub-Saharan Africa,Adult (female),23.81158,2013
"Gambia, The",GMB,Sub-Saharan Africa,Adult (male),46.83183,2013
"Gambia, The",GMB,Sub-Saharan Africa,Youth (both),60.7779,2013
"Gambia, The",GMB,Sub-Saharan Africa,Youth (female),56.12098,2013
"Gambia, The",GMB,Sub-Saharan Africa,Youth (male),65.97576,2013
Georgia,GEO,Europe & Central Asia,Elderly (both),99.07352,2014
Georgia,GEO,Europe & Central Asia,Elderly (female),98.8211,2014
Georgia,GEO,Europe & Central Asia,Elderly (male),99.48872,2014
Georgia,GEO,Europe & Central Asia,Adult (both),99.69331,2014
Georgia,GEO,Europe & Central Asia,Adult (female),99.68413,2014
Georgia,GEO,Europe & Central Asia,Adult (male),99.70337,2014
Georgia,GEO,Europe & Central Asia,Youth (both),99.70261,2014
Georgia,GEO,Europe & Central Asia,Youth (female),99.72914,2014
Georgia,GEO,Europe & Central Asia,Youth (male),99.67772,2014
Ghana,GHA,Sub-Saharan Africa,Elderly (both),34.89061,2010
Ghana,GHA,Sub-Saharan Africa,Elderly (female),23.42442,2010
Ghana,GHA,Sub-Saharan Africa,Elderly (male),50.30876,2010
Ghana,GHA,Sub-Saharan Africa,Adult (both),68.48741,2010
Ghana,GHA,Sub-Saharan Africa,Adult (female),61.70435,2010
Ghana,GHA,Sub-Saharan Africa,Adult (male),76.01726,2010
Ghana,GHA,Sub-Saharan Africa,Youth (both),85.71615,2010
Ghana,GHA,Sub-Saharan Africa,Youth (female),83.23453,2010
Ghana,GHA,Sub-Saharan Africa,Youth (male),88.31075,2010
Greece,GRC,Europe & Central Asia,Elderly (both),91.93168,2011
Greece,GRC,Europe & Central Asia,Elderly (female),88.54454,2011
Greece,GRC,Europe & Central Asia,Elderly (male),96.2266,2011
Greece,GRC,Europe & Central Asia,Adult (both),98.79776,2011
Greece,GRC,Europe & Central Asia,Adult (female),98.89,2011
Greece,GRC,Europe & Central Asia,Adult (male),98.70427,2011
Greece,GRC,Europe & Central Asia,Youth (both),98.69457,2011
Greece,GRC,Europe & Central Asia,Youth (female),98.81535,2011
Greece,GRC,Europe & Central Asia,Youth (male),98.58221,2011
Greenland,GRL,Europe & Central Asia,Elderly (both),100.0,2015
Greenland,GRL,Europe & Central Asia,Elderly (female),100.0,2015
Greenland,GRL,Europe & Central Asia,Elderly (male),100.0,2015
Greenland,GRL,Europe & Central Asia,Adult (both),100.0,2015
Greenland,GRL,Europe & Central Asia,Adult (female),100.0,2015
Greenland,GRL,Europe & Central Asia,Adult (male),100.0,2015
Greenland,GRL,Europe & Central Asia,Youth (both),100.0,2015
Greenland,GRL,Europe & Central Asia,Youth (female),100.0,2015
Greenland,GRL,Europe & Central Asia,Youth (male),100.0,2015
Grenada,GRD,Latin America & Caribbean,Elderly (both),94.7764663696289,1970
Grenada,GRD,Latin America & Caribbean,Elderly (female),94.5,1970
Grenada,GRD,Latin America & Caribbean,Elderly (male),95.3000030517578,1970
Grenada,GRD,Latin America & Caribbean,Adult (both),97.67167,1970
Grenada,GRD,Latin America & Caribbean,Adult (female),97.48016,1970
Grenada,GRD,Latin America & Caribbean,Adult (male),97.91763,1970
Grenada,GRD,Latin America & Caribbean,Youth (both),98.9623565673828,1970
Grenada,GRD,Latin America & Caribbean,Youth (female),99.0774230957031,1970
Grenada,GRD,Latin America & Caribbean,Youth (male),98.845359802246,1970
Guam,GUM,East Asia & Pacific,Elderly (both),95.8620986938477,1990
Guam,GUM,East Asia & Pacific,Elderly (female),94.3000030517578,1990
Guam,GUM,East Asia & Pacific,Elderly (male),97.5,1990
Guam,GUM,East Asia & Pacific,Adult (both),99.43447,1990
Guam,GUM,East Asia & Pacific,Adult (female),99.56257,1990
Guam,GUM,East Asia & Pacific,Adult (male),99.32503,1990
Guam,GUM,East Asia & Pacific,Youth (both),99.879997253418,1990
Guam,GUM,East Asia & Pacific,Youth (female),99.8476181030273,1990
Guam,GUM,East Asia & Pacific,Youth (male),99.9000015258789,1990
Guatemala,GTM,Latin America & Caribbean,Elderly (both),50.71098,2014
Guatemala,GTM,Latin America & Caribbean,Elderly (female),40.66131,2014
Guatemala,GTM,Latin America & Caribbean,Elderly (male),60.90364,2014
Guatemala,GTM,Latin America & Caribbean,Adult (both),78.55216,2014
Guatemala,GTM,Latin America & Caribbean,Adult (female),72.48234,2014
Guatemala,GTM,Latin America & Caribbean,Adult (male),85.64485,2014
Guatemala,GTM,Latin America & Caribbean,Youth (both),94.35425,2014
Guatemala,GTM,Latin America & Caribbean,Youth (female),93.26925,2014
Guatemala,GTM,Latin America & Caribbean,Youth (male),95.48186,2014
Guinea,GIN,Sub-Saharan Africa,Elderly (both),13.11172,2014
Guinea,GIN,Sub-Saharan Africa,Elderly (female),4.32884,2014
Guinea,GIN,Sub-Saharan Africa,Elderly (male),21.57806,2014
Guinea,GIN,Sub-Saharan Africa,Adult (both),25.74508,2014
Guinea,GIN,Sub-Saharan Africa,Adult (female),14.79307,2014
Guinea,GIN,Sub-Saharan Africa,Adult (male),38.61046,2014
Guinea,GIN,Sub-Saharan Africa,Youth (both),46.29505,2014
Guinea,GIN,Sub-Saharan Africa,Youth (female),37.21018,2014
Guinea,GIN,Sub-Saharan Africa,Youth (male),56.97051,2014
Guinea-Bissau,GNB,Sub-Saharan Africa,Elderly (both),19.46026,2014
Guinea-Bissau,GNB,Sub-Saharan Africa,Elderly (female),2.87105,2014
Guinea-Bissau,GNB,Sub-Saharan Africa,Elderly (male),37.6826,2014
Guinea-Bissau,GNB,Sub-Saharan Africa,Adult (both),39.42577,2014
Guinea-Bissau,GNB,Sub-Saharan Africa,Adult (female),23.00579,2014
Guinea-Bissau,GNB,Sub-Saharan Africa,Adult (male),58.89319,2014
Guinea-Bissau,GNB,Sub-Saharan Africa,Youth (both),60.40235,2014
Guinea-Bissau,GNB,Sub-Saharan Africa,Youth (female),49.75632,2014
Guinea-Bissau,GNB,Sub-Saharan Africa,Youth (male),71.25033,2014
Guyana,GUY,Latin America & Caribbean,Elderly (both),49.89131,2014
Guyana,GUY,Latin America & Caribbean,Elderly (female),46.82116,2014
Guyana,GUY,Latin America & Caribbean,Elderly (male),53.84911,2014
Guyana,GUY,Latin America & Caribbean,Adult (both),85.68373,2014
Guyana,GUY,Latin America & Caribbean,Adult (female),85.554,2014
Guyana,GUY,Latin America & Caribbean,Adult (male),85.83026,2014
Guyana,GUY,Latin America & Caribbean,Youth (both),96.68967,2014
Guyana,GUY,Latin America & Caribbean,Youth (female),97.03701,2014
Guyana,GUY,Latin America & Caribbean,Youth (male),96.33186,2014
Haiti,HTI,Latin America & Caribbean,Elderly (both),8.53427,2006
Haiti,HTI,Latin America & Caribbean,Elderly (female),5.1673,2006
Haiti,HTI,Latin America & Caribbean,Elderly (male),12.68022,2006
Haiti,HTI,Latin America & Caribbean,Adult (both),40.89803,2006
Haiti,HTI,Latin America & Caribbean,Adult (female),36.06354,2006
Haiti,HTI,Latin America & Caribbean,Adult (male),46.53894,2006
Haiti,HTI,Latin America & Caribbean,Youth (both),72.34672,2006
Haiti,HTI,Latin America & Caribbean,Youth (female),70.48078,2006
Haiti,HTI,Latin America & Caribbean,Youth (male),74.36741,2006
Honduras,HND,Latin America & Caribbean,Elderly (both),66.28326,2016
Honduras,HND,Latin America & Caribbean,Elderly (female),63.43658,2016
Honduras,HND,Latin America & Caribbean,Elderly (male),69.79098,2016
Honduras,HND,Latin America & Caribbean,Adult (both),88.79438,2016
Honduras,HND,Latin America & Caribbean,Adult (female),88.87563,2016
Honduras,HND,Latin America & Caribbean,Adult (male),88.69488,2016
Honduras,HND,Latin America & Caribbean,Youth (both),96.12654,2016
Honduras,HND,Latin America & Caribbean,Youth (female),97.24561,2016
Honduras,HND,Latin America & Caribbean,Youth (male),94.94519,2016
Hungary,HUN,Europe & Central Asia,Elderly (both),98.4418029785156,1994
Hungary,HUN,Europe & Central Asia,Elderly (female),97.992073059082,1994
Hungary,HUN,Europe & Central Asia,Elderly (male),99.1743087768555,1994
Hungary,HUN,Europe & Central Asia,Adult (both),99.16237,1980
Hungary,HUN,Europe & Central Asia,Adult (female),98.90889,1980
Hungary,HUN,Europe & Central Asia,Adult (male),99.43139,1980
Hungary,HUN,Europe & Central Asia,Youth (both),99.1455764770508,1994
Hungary,HUN,Europe & Central Asia,Youth (female),99.1821136474609,1994
Hungary,HUN,Europe & Central Asia,Youth (male),99.1106796264648,1994
India,IND,South Asia,Elderly (both),41.60357,2011
India,IND,South Asia,Elderly (female),26.69628,2011
India,IND,South Asia,Elderly (male),57.17637,2011
India,IND,South Asia,Adult (both),65.43287,2011
India,IND,South Asia,Adult (female),53.99607,2011
India,IND,South Asia,Adult (male),76.47395,2011
India,IND,South Asia,Youth (both),86.14488,2011
India,IND,South Asia,Youth (female),81.84981,2011
India,IND,South Asia,Youth (male),90.04483,2011
Indonesia,IDN,East Asia & Pacific,Elderly (both),70.05508,2016
Indonesia,IDN,East Asia & Pacific,Elderly (female),60.20163,2016
Indonesia,IDN,East Asia & Pacific,Elderly (male),81.94725,2016
Indonesia,IDN,East Asia & Pacific,Adult (both),96.69641,2016
Indonesia,IDN,East Asia & Pacific,Adult (female),95.57162,2016
Indonesia,IDN,East Asia & Pacific,Adult (male),97.8213,2016
Indonesia,IDN,East Asia & Pacific,Youth (both),99.66881,2016
Indonesia,IDN,East Asia & Pacific,Youth (female),99.65351,2016
Indonesia,IDN,East Asia & Pacific,Youth (male),99.68345,2016
"Iran, Islamic Rep.",IRN,Middle East & North Africa,Elderly (both),34.28904,2014
"Iran, Islamic Rep.",IRN,Middle East & North Africa,Elderly (female),22.445,2014
"Iran, Islamic Rep.",IRN,Middle East & North Africa,Elderly (male),46.97359,2014
"Iran, Islamic Rep.",IRN,Middle East & North Africa,Adult (both),86.07834,2014
"Iran, Islamic Rep.",IRN,Middle East & North Africa,Adult (female),80.84387,2014
"Iran, Islamic Rep.",IRN,Middle East & North Africa,Adult (male),91.40845,2014
"Iran, Islamic Rep.",IRN,Middle East & North Africa,Youth (both),97.93787,2014
"Iran, Islamic Rep.",IRN,Middle East & North Africa,Youth (female),97.67817,2014
"Iran, Islamic Rep.",IRN,Middle East & North Africa,Youth (male),98.19154,2014
Iraq,IRQ,Middle East & North Africa,Elderly (both),20.3843,2013
Iraq,IRQ,Middle East & North Africa,Elderly (female),14.2468,2013
Iraq,IRQ,Middle East & North Africa,Elderly (male),31.0472,2013
Iraq,IRQ,Middle East & North Africa,Adult (both),44.23237,2013
Iraq,IRQ,Middle East & North Africa,Adult (female),38.2295,2013
Iraq,IRQ,Middle East & North Africa,Adult (male),55.02389,2013
Iraq,IRQ,Middle East & North Africa,Youth (both),52.31889,2013
Iraq,IRQ,Middle East & North Africa,Youth (female),48.63865,2013
Iraq,IRQ,Middle East & North Africa,Youth (male),57.00647,2013
Israel,ISR,Middle East & North Africa,Elderly (both),79.7516937255859,1983
Israel,ISR,Middle East & North Africa,Elderly (female),74.6998291015625,1983
Israel,ISR,Middle East & North Africa,Elderly (male),85.4932403564453,1983
Israel,ISR,Middle East & North Africa,Adult (both),91.61229,1983
Israel,ISR,Middle East & North Africa,Adult (female),88.23645,1983
Israel,ISR,Middle East & North Africa,Adult (male),95.20384,1983
Israel,ISR,Middle East & North Africa,Youth (both),98.562858581543,1983
Israel,ISR,Middle East & North Africa,Youth (female),98.046028137207,1983
Israel,ISR,Middle East & North Africa,Youth (male),99.054573059082,1983
Italy,ITA,Europe & Central Asia,Elderly (both),96.72978,2011
Italy,ITA,Europe & Central Asia,Elderly (female),96.0024,2011
Italy,ITA,Europe & Central Asia,Elderly (male),97.71678,2011
Italy,ITA,Europe & Central Asia,Adult (both),99.46559,2011
Italy,ITA,Europe & Central Asia,Adult (female),99.4608,2011
Italy,ITA,Europe & Central Asia,Adult (male),99.47052,2011
Italy,ITA,Europe & Central Asia,Youth (both),99.85964,2011
Italy,ITA,Europe & Central Asia,Youth (female),99.8687,2011
Italy,ITA,Europe & Central Asia,Youth (male),99.85103,2011
Jamaica,JAM,Latin America & Caribbean,Elderly (both),52.36038,1999
Jamaica,JAM,Latin America & Caribbean,Elderly (female),56.29239,1999
Jamaica,JAM,Latin America & Caribbean,Elderly (male),48.61523,1999
Jamaica,JAM,Latin America & Caribbean,Adult (both),81.48172,1999
Jamaica,JAM,Latin America & Caribbean,Adult (female),88.58596,1999
Jamaica,JAM,Latin America & Caribbean,Adult (male),74.21597,1999
Jamaica,JAM,Latin America & Caribbean,Youth (both),91.60341,1999
Jamaica,JAM,Latin America & Caribbean,Youth (female),96.29552,1999
Jamaica,JAM,Latin America & Caribbean,Youth (male),87.31139,1999
Jordan,JOR,Middle East & North Africa,Elderly (both),87.69847,2012
Jordan,JOR,Middle East & North Africa,Elderly (female),80.09996,2012
Jordan,JOR,Middle East & North Africa,Elderly (male),95.50041,2012
Jordan,JOR,Middle East & North Africa,Adult (both),98.0889,2012
Jordan,JOR,Middle East & North Africa,Adult (female),97.80879,2012
Jordan,JOR,Middle East & North Africa,Adult (male),98.3896,2012
Jordan,JOR,Middle East & North Africa,Youth (both),99.10572,2012
Jordan,JOR,Middle East & North Africa,Youth (female),99.20273,2012
Jordan,JOR,Middle East & North Africa,Youth (male),99.00204,2012
Kazakhstan,KAZ,Europe & Central Asia,Elderly (both),99.49632,2010
Kazakhstan,KAZ,Europe & Central Asia,Elderly (female),99.52126,2010
Kazakhstan,KAZ,Europe & Central Asia,Elderly (male),99.44912,2010
Kazakhstan,KAZ,Europe & Central Asia,Adult (both),99.78782,2010
Kazakhstan,KAZ,Europe & Central Asia,Adult (female),99.74727,2010
Kazakhstan,KAZ,Europe & Central Asia,Adult (male),99.83287,2010
Kazakhstan,KAZ,Europe & Central Asia,Youth (both),99.89736,2010
Kazakhstan,KAZ,Europe & Central Asia,Youth (female),99.85091,2010
Kazakhstan,KAZ,Europe & Central Asia,Youth (male),99.94014,2010
Kenya,KEN,Sub-Saharan Africa,Elderly (both),54.04168,2014
Kenya,KEN,Sub-Saharan Africa,Elderly (female),36.91753,2014
Kenya,KEN,Sub-Saharan Africa,Elderly (male),74.62202,2014
Kenya,KEN,Sub-Saharan Africa,Adult (both),77.31293,2014
Kenya,KEN,Sub-Saharan Africa,Adult (female),71.88714,2014
Kenya,KEN,Sub-Saharan Africa,Adult (male),83.04618,2014
Kenya,KEN,Sub-Saharan Africa,Youth (both),86.52563,2014
Kenya,KEN,Sub-Saharan Africa,Youth (female),86.13652,2014
Kenya,KEN,Sub-Saharan Africa,Youth (male),86.93869,2014
"Korea, Dem. People’s Rep.",PRK,East Asia & Pacific,Elderly (both),99.98765,2008
"Korea, Dem. People’s Rep.",PRK,East Asia & Pacific,Elderly (female),99.98556,2008
"Korea, Dem. People’s Rep.",PRK,East Asia & Pacific,Elderly (male),99.99171,2008
"Korea, Dem. People’s Rep.",PRK,East Asia & Pacific,Adult (both),99.9996,2008
"Korea, Dem. People’s Rep.",PRK,East Asia & Pacific,Adult (female),99.9996,2008
"Korea, Dem. People’s Rep.",PRK,East Asia & Pacific,Adult (male),99.99959,2008
"Korea, Dem. People’s Rep.",PRK,East Asia & Pacific,Youth (both),99.99964,2008
"Korea, Dem. People’s Rep.",PRK,East Asia & Pacific,Youth (female),99.99979,2008
"Korea, Dem. People’s Rep.",PRK,East Asia & Pacific,Youth (male),99.99944,2008
Kuwait,KWT,Middle East & North Africa,Elderly (both),69.54723,2015
Kuwait,KWT,Middle East & North Africa,Elderly (female),50.64266,2015
Kuwait,KWT,Middle East & North Africa,Elderly (male),86.93925,2015
Kuwait,KWT,Middle East & North Africa,Adult (both),95.87583,2015
Kuwait,KWT,Middle East & North Africa,Adult (female),95.29605,2015
Kuwait,KWT,Middle East & North Africa,Adult (male),96.19041,2015
Kuwait,KWT,Middle East & North Africa,Youth (both),99.25909,2015
Kuwait,KWT,Middle East & North Africa,Youth (female),99.40085,2015
Kuwait,KWT,Middle East & North Africa,Youth (male),99.15068,2015
Kyrgyz Republic,KGZ,Europe & Central Asia,Elderly (both),92.47118,2009
Kyrgyz Republic,KGZ,Europe & Central Asia,Elderly (female),90.30783,2009
Kyrgyz Republic,KGZ,Europe & Central Asia,Elderly (male),95.72239,2009
Kyrgyz Republic,KGZ,Europe & Central Asia,Adult (both),99.73473,2009
Kyrgyz Republic,KGZ,Europe & Central Asia,Adult (female),99.7056,2009
Kyrgyz Republic,KGZ,Europe & Central Asia,Adult (male),99.76506,2009
Kyrgyz Republic,KGZ,Europe & Central Asia,Youth (both),99.75185,2009
Kyrgyz Republic,KGZ,Europe & Central Asia,Youth (female),99.79959,2009
Kyrgyz Republic,KGZ,Europe & Central Asia,Youth (male),99.70463,2009
Lao PDR,LAO,East Asia & Pacific,Elderly (both),30.55403,2011
Lao PDR,LAO,East Asia & Pacific,Elderly (female),18.41108,2011
Lao PDR,LAO,East Asia & Pacific,Elderly (male),45.02912,2011
Lao PDR,LAO,East Asia & Pacific,Adult (both),55.55522,2011
Lao PDR,LAO,East Asia & Pacific,Adult (female),46.11725,2011
Lao PDR,LAO,East Asia & Pacific,Adult (male),65.48057,2011
Lao PDR,LAO,East Asia & Pacific,Youth (both),72.05623,2011
Lao PDR,LAO,East Asia & Pacific,Youth (female),67.05378,2011
Lao PDR,LAO,East Asia & Pacific,Youth (male),77.27267,2011
Latvia,LVA,Europe & Central Asia,Elderly (both),99.9222,2011
Latvia,LVA,Europe & Central Asia,Elderly (female),99.91572,2011
Latvia,LVA,Europe & Central Asia,Elderly (male),99.93576,2011
Latvia,LVA,Europe & Central Asia,Adult (both),99.90183,2011
Latvia,LVA,Europe & Central Asia,Adult (female),99.91316,2011
Latvia,LVA,Europe & Central Asia,Adult (male),99.8893,2011
Latvia,LVA,Europe & Central Asia,Youth (both),99.83543,2011
Latvia,LVA,Europe & Central Asia,Youth (female),99.87011,2011
Latvia,LVA,Europe & Central Asia,Youth (male),99.80219,2011
Lebanon,LBN,Middle East & North Africa,Elderly (both),60.1541,2009
Lebanon,LBN,Middle East & North Africa,Elderly (female),46.17964,2009
Lebanon,LBN,Middle East & North Africa,Elderly (male),72.77973,2009
Lebanon,LBN,Middle East & North Africa,Adult (both),88.31913,2009
Lebanon,LBN,Middle East & North Africa,Adult (female),84.43646,2009
Lebanon,LBN,Middle East & North Africa,Adult (male),92.37521,2009
Lebanon,LBN,Middle East & North Africa,Youth (both),99.24335,2009
Lebanon,LBN,Middle East & North Africa,Youth (female),99.33674,2009
Lebanon,LBN,Middle East & North Africa,Youth (male),99.16173,2009
Lesotho,LSO,Sub-Saharan Africa,Elderly (both),51.44308,2014
Lesotho,LSO,Sub-Saharan Africa,Elderly (female),60.2427,2014
Lesotho,LSO,Sub-Saharan Africa,Elderly (male),36.59563,2014
Lesotho,LSO,Sub-Saharan Africa,Adult (both),75.53321,2014
Lesotho,LSO,Sub-Saharan Africa,Adult (female),85.46199,2014
Lesotho,LSO,Sub-Saharan Africa,Adult (male),65.06486,2014
Lesotho,LSO,Sub-Saharan Africa,Youth (both),86.6322,2014
Lesotho,LSO,Sub-Saharan Africa,Youth (female),93.96988,2014
Lesotho,LSO,Sub-Saharan Africa,Youth (male),79.60804,2014
Liberia,LBR,Sub-Saharan Africa,Elderly (both),32.81332,2007
Liberia,LBR,Sub-Saharan Africa,Elderly (female),9.0378,2007
Liberia,LBR,Sub-Saharan Africa,Elderly (male),55.1625,2007
Liberia,LBR,Sub-Saharan Africa,Adult (both),41.03716,2007
Liberia,LBR,Sub-Saharan Africa,Adult (female),23.67193,2007
Liberia,LBR,Sub-Saharan Africa,Adult (male),60.16153,2007
Liberia,LBR,Sub-Saharan Africa,Youth (both),49.07411,2007
Liberia,LBR,Sub-Saharan Africa,Youth (female),37.17031,2007
Liberia,LBR,Sub-Saharan Africa,Youth (male),63.45102,2007
Libya,LBY,Middle East & North Africa,Elderly (both),16.3226509094238,1994
Libya,LBY,Middle East & North Africa,Elderly (female),1.48019003868103,1994
Libya,LBY,Middle East & North Africa,Elderly (male),31.6240005493164,1994
Libya,LBY,Middle East & North Africa,Adult (both),44.82805,1984
Libya,LBY,Middle East & North Africa,Adult (female),18.98662,1984
Libya,LBY,Middle East & North Africa,Adult (male),69.13571,1984
Libya,LBY,Middle East & North Africa,Youth (both),97.8856506347656,1994
Libya,LBY,Middle East & North Africa,Youth (female),96.2951431274414,1994
Libya,LBY,Middle East & North Africa,Youth (male),99.4237823486328,1994
Lithuania,LTU,Europe & Central Asia,Elderly (both),99.81463,2011
Lithuania,LTU,Europe & Central Asia,Elderly (female),99.8088,2011
Lithuania,LTU,Europe & Central Asia,Elderly (male),99.826,2011
Lithuania,LTU,Europe & Central Asia,Adult (both),99.80517,2011
Lithuania,LTU,Europe & Central Asia,Adult (female),99.83535,2011
Lithuania,LTU,Europe & Central Asia,Adult (male),99.77168,2011
Lithuania,LTU,Europe & Central Asia,Youth (both),99.8558,2011
Lithuania,LTU,Europe & Central Asia,Youth (female),99.86662,2011
Lithuania,LTU,Europe & Central Asia,Youth (male),99.84547,2011
"Macao SAR, China",MAC,East Asia & Pacific,Elderly (both),81.20001,2016
"Macao SAR, China",MAC,East Asia & Pacific,Elderly (female),72.0624,2016
"Macao SAR, China",MAC,East Asia & Pacific,Elderly (male),91.32673,2016
"Macao SAR, China",MAC,East Asia & Pacific,Adult (both),98.01514,2016
"Macao SAR, China",MAC,East Asia & Pacific,Adult (female),97.28182,2016
"Macao SAR, China",MAC,East Asia & Pacific,Adult (male),98.82016,2016
"Macao SAR, China",MAC,East Asia & Pacific,Youth (both),99.79874,2016
"Macao SAR, China",MAC,East Asia & Pacific,Youth (female),99.86617,2016
"Macao SAR, China",MAC,East Asia & Pacific,Youth (male),99.72689,2016
"Macedonia, FYR",MKD,Europe & Central Asia,Elderly (both),82.52321,2002
"Macedonia, FYR",MKD,Europe & Central Asia,Elderly (female),74.42447,2002
"Macedonia, FYR",MKD,Europe & Central Asia,Elderly (male),92.37358,2002
"Macedonia, FYR",MKD,Europe & Central Asia,Adult (both),98.07587,2002
"Macedonia, FYR",MKD,Europe & Central Asia,Adult (female),97.11006,2002
"Macedonia, FYR",MKD,Europe & Central Asia,Adult (male),99.02874,2002
"Macedonia, FYR",MKD,Europe & Central Asia,Youth (both),98.7427,2002
"Macedonia, FYR",MKD,Europe & Central Asia,Youth (female),98.48539,2002
"Macedonia, FYR",MKD,Europe & Central Asia,Youth (male),98.98544,2002
Madagascar,MDG,Sub-Saharan Africa,Elderly (both),49.36649,2012
Madagascar,MDG,Sub-Saharan Africa,Elderly (female),38.00187,2012
Madagascar,MDG,Sub-Saharan Africa,Elderly (male),60.84906,2012
Madagascar,MDG,Sub-Saharan Africa,Adult (both),71.02675,2012
Madagascar,MDG,Sub-Saharan Africa,Adult (female),67.58022,2012
Madagascar,MDG,Sub-Saharan Africa,Adult (male),74.68056,2012
Madagascar,MDG,Sub-Saharan Africa,Youth (both),76.82916,2012
Madagascar,MDG,Sub-Saharan Africa,Youth (female),75.30385,2012
Madagascar,MDG,Sub-Saharan Africa,Youth (male),78.41248,2012
Malawi,MWI,Sub-Saharan Africa,Elderly (both),35.14244,2015
Malawi,MWI,Sub-Saharan Africa,Elderly (female),15.60983,2015
Malawi,MWI,Sub-Saharan Africa,Elderly (male),62.16461,2015
Malawi,MWI,Sub-Saharan Africa,Adult (both),59.09757,2015
Malawi,MWI,Sub-Saharan Africa,Adult (female),50.51647,2015
Malawi,MWI,Sub-Saharan Africa,Adult (male),68.84503,2015
Malawi,MWI,Sub-Saharan Africa,Youth (both),72.93561,2015
Malawi,MWI,Sub-Saharan Africa,Youth (female),73.3858,2015
Malawi,MWI,Sub-Saharan Africa,Youth (male),72.49172,2015
Malaysia,MYS,East Asia & Pacific,Elderly (both),58.47356,2010
Malaysia,MYS,East Asia & Pacific,Elderly (female),43.98981,2010
Malaysia,MYS,East Asia & Pacific,Elderly (male),74.84398,2010
Malaysia,MYS,East Asia & Pacific,Adult (both),94.52684,2010
Malaysia,MYS,East Asia & Pacific,Adult (female),92.8214,2010
Malaysia,MYS,East Asia & Pacific,Adult (male),96.18534,2010
Malaysia,MYS,East Asia & Pacific,Youth (both),98.41871,2010
Malaysia,MYS,East Asia & Pacific,Youth (female),98.45826,2010
Malaysia,MYS,East Asia & Pacific,Youth (male),98.38104,2010
Maldives,MDV,South Asia,Elderly (both),92.75723,2014
Maldives,MDV,South Asia,Elderly (female),92.1363,2014
Maldives,MDV,South Asia,Elderly (male),93.31756,2014
Maldives,MDV,South Asia,Adult (both),98.96275,2014
Maldives,MDV,South Asia,Adult (female),99.01342,2014
Maldives,MDV,South Asia,Adult (male),98.90561,2014
Maldives,MDV,South Asia,Youth (both),99.26838,2014
Maldives,MDV,South Asia,Youth (female),99.43955,2014
Maldives,MDV,South Asia,Youth (male),99.08133,2014
Mali,MLI,Sub-Saharan Africa,Elderly (both),13.60144,2015
Mali,MLI,Sub-Saharan Africa,Elderly (female),2.65508,2015
Mali,MLI,Sub-Saharan Africa,Elderly (male),21.23257,2015
Mali,MLI,Sub-Saharan Africa,Adult (both),26.79477,2015
Mali,MLI,Sub-Saharan Africa,Adult (female),15.29266,2015
Mali,MLI,Sub-Saharan Africa,Adult (male),40.15829,2015
Mali,MLI,Sub-Saharan Africa,Youth (both),49.36653,2015
Mali,MLI,Sub-Saharan Africa,Youth (female),39.20776,2015
Mali,MLI,Sub-Saharan Africa,Youth (male),60.52549,2015
Malta,MLT,Middle East & North Africa,Elderly (both),85.75765,2011
Malta,MLT,Middle East & North Africa,Elderly (female),85.72395,2011
Malta,MLT,Middle East & North Africa,Elderly (male),85.80114,2011
Malta,MLT,Middle East & North Africa,Adult (both),94.19012,2011
Malta,MLT,Middle East & North Africa,Adult (female),96.7498,2011
Malta,MLT,Middle East & North Africa,Adult (male),91.70316,2011
Malta,MLT,Middle East & North Africa,Youth (both),98.88194,2011
Malta,MLT,Middle East & North Africa,Youth (female),99.38657,2011
Malta,MLT,Middle East & North Africa,Youth (male),98.40398,2011
Marshall Islands,MHL,East Asia & Pacific,Elderly (both),89.40651,2011
Marshall Islands,MHL,East Asia & Pacific,Elderly (female),84.66258,2011
Marshall Islands,MHL,East Asia & Pacific,Elderly (male),92.78689,2011
Marshall Islands,MHL,East Asia & Pacific,Adult (both),98.84488,2011
Marshall Islands,MHL,East Asia & Pacific,Adult (female),98.80814,2011
Marshall Islands,MHL,East Asia & Pacific,Adult (male),98.88113,2011
Marshall Islands,MHL,East Asia & Pacific,Youth (both),98.45878,2011
Marshall Islands,MHL,East Asia & Pacific,Youth (female),98.7567,2011
Marshall Islands,MHL,East Asia & Pacific,Youth (male),98.16972,2011
Mauritania,MRT,Sub-Saharan Africa,Elderly (both),26.58782,2007
Mauritania,MRT,Sub-Saharan Africa,Elderly (female),11.98148,2007
Mauritania,MRT,Sub-Saharan Africa,Elderly (male),38.68232,2007
Mauritania,MRT,Sub-Saharan Africa,Adult (both),41.83731,2007
Mauritania,MRT,Sub-Saharan Africa,Adult (female),30.6959,2007
Mauritania,MRT,Sub-Saharan Africa,Adult (male),55.13798,2007
Mauritania,MRT,Sub-Saharan Africa,Youth (both),56.12243,2007
Mauritania,MRT,Sub-Saharan Africa,Youth (female),47.71239,2007
Mauritania,MRT,Sub-Saharan Africa,Youth (male),66.39988,2007
Mauritius,MUS,Sub-Saharan Africa,Elderly (both),64.55211,2011
Mauritius,MUS,Sub-Saharan Africa,Elderly (female),54.75454,2011
Mauritius,MUS,Sub-Saharan Africa,Elderly (male),78.40806,2011
Mauritius,MUS,Sub-Saharan Africa,Adult (both),90.30997,2011
Mauritius,MUS,Sub-Saharan Africa,Adult (female),88.69707,2011
Mauritius,MUS,Sub-Saharan Africa,Adult (male),91.94321,2011
Mauritius,MUS,Sub-Saharan Africa,Youth (both),98.13035,2011
Mauritius,MUS,Sub-Saharan Africa,Youth (female),98.57592,2011
Mauritius,MUS,Sub-Saharan Africa,Youth (male),97.68915,2011
Mexico,MEX,Latin America & Caribbean,Elderly (both),77.03147,2015
Mexico,MEX,Latin America & Caribbean,Elderly (female),73.14122,2015
Mexico,MEX,Latin America & Caribbean,Elderly (male),81.57869,2015
Mexico,MEX,Latin America & Caribbean,Adult (both),95.37065,2015
Mexico,MEX,Latin America & Caribbean,Adult (female),94.57888,2015
Mexico,MEX,Latin America & Caribbean,Adult (male),96.25047,2015
Mexico,MEX,Latin America & Caribbean,Youth (both),98.94471,2015
Mexico,MEX,Latin America & Caribbean,Youth (female),99.01495,2015
Mexico,MEX,Latin America & Caribbean,Youth (male),98.87351,2015
Moldova,MDA,Europe & Central Asia,Elderly (both),95.84394,2012
Moldova,MDA,Europe & Central Asia,Elderly (female),94.39421,2012
Moldova,MDA,Europe & Central Asia,Elderly (male),98.26415,2012
Moldova,MDA,Europe & Central Asia,Adult (both),99.61919,2012
Moldova,MDA,Europe & Central Asia,Adult (female),99.69547,2012
Moldova,MDA,Europe & Central Asia,Adult (male),99.53666,2012
Moldova,MDA,Europe & Central Asia,Youth (both),99.45616,2012
Moldova,MDA,Europe & Central Asia,Youth (female),99.58578,2012
Moldova,MDA,Europe & Central Asia,Youth (male),99.33775,2012
Mongolia,MNG,East Asia & Pacific,Elderly (both),94.64437,2010
Mongolia,MNG,East Asia & Pacific,Elderly (female),92.68123,2010
Mongolia,MNG,East Asia & Pacific,Elderly (male),97.35641,2010
Mongolia,MNG,East Asia & Pacific,Adult (both),98.46082,2010
Mongolia,MNG,East Asia & Pacific,Adult (female),98.61593,2010
Mongolia,MNG,East Asia & Pacific,Adult (male),98.30033,2010
Mongolia,MNG,East Asia & Pacific,Youth (both),98.46025,2010
Mongolia,MNG,East Asia & Pacific,Youth (female),98.90874,2010
Mongolia,MNG,East Asia & Pacific,Youth (male),98.02181,2010
Montenegro,MNE,Europe & Central Asia,Elderly (both),93.92843,2011
Montenegro,MNE,Europe & Central Asia,Elderly (female),90.33544,2011
Montenegro,MNE,Europe & Central Asia,Elderly (male),98.80291,2011
Montenegro,MNE,Europe & Central Asia,Adult (both),99.31209,2011
Montenegro,MNE,Europe & Central Asia,Adult (female),99.05131,2011
Montenegro,MNE,Europe & Central Asia,Adult (male),99.57784,2011
Montenegro,MNE,Europe & Central Asia,Youth (both),99.21182,2011
Montenegro,MNE,Europe & Central Asia,Youth (female),99.05261,2011
Montenegro,MNE,Europe & Central Asia,Youth (male),99.36079,2011
Morocco,MAR,Middle East & North Africa,Elderly (both),32.75375,2012
Morocco,MAR,Middle East & North Africa,Elderly (female),17.661,2012
Morocco,MAR,Middle East & North Africa,Elderly (male),49.73027,2012
Morocco,MAR,Middle East & North Africa,Adult (both),66.42277,2012
Morocco,MAR,Middle East & North Africa,Adult (female),54.74487,2012
Morocco,MAR,Middle East & North Africa,Adult (male),79.10524,2012
Morocco,MAR,Middle East & North Africa,Youth (both),91.22096,2012
Morocco,MAR,Middle East & North Africa,Youth (female),87.7834,2012
Morocco,MAR,Middle East & North Africa,Youth (male),94.62719,2012
Mozambique,MOZ,Sub-Saharan Africa,Elderly (both),21.14594,2009
Mozambique,MOZ,Sub-Saharan Africa,Elderly (female),6.42199,2009
Mozambique,MOZ,Sub-Saharan Africa,Elderly (male),38.33898,2009
Mozambique,MOZ,Sub-Saharan Africa,Adult (both),44.6121,2009
Mozambique,MOZ,Sub-Saharan Africa,Adult (female),28.61026,2009
Mozambique,MOZ,Sub-Saharan Africa,Adult (male),63.55269,2009
Mozambique,MOZ,Sub-Saharan Africa,Youth (both),67.14964,2009
Mozambique,MOZ,Sub-Saharan Africa,Youth (female),56.54005,2009
Mozambique,MOZ,Sub-Saharan Africa,Youth (male),79.84044,2009
Myanmar,MMR,East Asia & Pacific,Elderly (both),58.1954,2016
Myanmar,MMR,East Asia & Pacific,Elderly (female),49.20425,2016
Myanmar,MMR,East Asia & Pacific,Elderly (male),70.5771,2016
Myanmar,MMR,East Asia & Pacific,Adult (both),75.27319,2016
Myanmar,MMR,East Asia & Pacific,Adult (female),71.68072,2016
Myanmar,MMR,East Asia & Pacific,Adult (male),79.64427,2016
Myanmar,MMR,East Asia & Pacific,Youth (both),84.75116,2016
Myanmar,MMR,East Asia & Pacific,Youth (female),84.41379,2016
Myanmar,MMR,East Asia & Pacific,Youth (male),85.11967,2016
Namibia,NAM,Sub-Saharan Africa,Elderly (both),56.71985,2011
Namibia,NAM,Sub-Saharan Africa,Elderly (female),55.34145,2011
Namibia,NAM,Sub-Saharan Africa,Elderly (male),58.56687,2011
Namibia,NAM,Sub-Saharan Africa,Adult (both),89.34196,2011
Namibia,NAM,Sub-Saharan Africa,Adult (female),89.00884,2011
Namibia,NAM,Sub-Saharan Africa,Adult (male),89.71173,2011
Namibia,NAM,Sub-Saharan Africa,Youth (both),94.41944,2011
Namibia,NAM,Sub-Saharan Africa,Youth (female),95.34632,2011
Namibia,NAM,Sub-Saharan Africa,Youth (male),93.45852,2011
Nepal,NPL,South Asia,Elderly (both),20.78409,2011
Nepal,NPL,South Asia,Elderly (female),6.02554,2011
Nepal,NPL,South Asia,Elderly (male),35.63504,2011
Nepal,NPL,South Asia,Adult (both),52.1677,2011
Nepal,NPL,South Asia,Adult (female),38.49667,2011
Nepal,NPL,South Asia,Adult (male),67.64494,2011
Nepal,NPL,South Asia,Youth (both),84.75715,2011
Nepal,NPL,South Asia,Youth (female),80.20683,2011
Nepal,NPL,South Asia,Youth (male),89.88402,2011
New Caledonia,NCL,East Asia & Pacific,Elderly (both),68.9538497924805,1989
New Caledonia,NCL,East Asia & Pacific,Elderly (female),68.2599868774414,1989
New Caledonia,NCL,East Asia & Pacific,Elderly (male),69.7525482177734,1989
New Caledonia,NCL,East Asia & Pacific,Adult (both),92.9264,1989
New Caledonia,NCL,East Asia & Pacific,Adult (female),91.57988,1989
New Caledonia,NCL,East Asia & Pacific,Adult (male),94.18637,1989
New Caledonia,NCL,East Asia & Pacific,Youth (both),98.756980895996,1989
New Caledonia,NCL,East Asia & Pacific,Youth (female),98.8609924316406,1989
New Caledonia,NCL,East Asia & Pacific,Youth (male),98.6569290161133,1989
Nicaragua,NIC,Latin America & Caribbean,Elderly (both),49.23103,2005
Nicaragua,NIC,Latin America & Caribbean,Elderly (female),48.45275,2005
Nicaragua,NIC,Latin America & Caribbean,Elderly (male),50.12963,2005
Nicaragua,NIC,Latin America & Caribbean,Adult (both),75.96719,2005
Nicaragua,NIC,Latin America & Caribbean,Adult (female),75.15608,2005
Nicaragua,NIC,Latin America & Caribbean,Adult (male),76.86418,2005
Nicaragua,NIC,Latin America & Caribbean,Youth (both),87.00925,2005
Nicaragua,NIC,Latin America & Caribbean,Youth (female),88.84248,2005
Nicaragua,NIC,Latin America & Caribbean,Youth (male),85.15562,2005
Niger,NER,Sub-Saharan Africa,Elderly (both),6.26818,2012
Niger,NER,Sub-Saharan Africa,Elderly (female),1.36431,2012
Niger,NER,Sub-Saharan Africa,Elderly (male),9.12908,2012
Niger,NER,Sub-Saharan Africa,Adult (both),13.2746,2012
Niger,NER,Sub-Saharan Africa,Adult (female),7.02665,2012
Niger,NER,Sub-Saharan Africa,Adult (male),21.094,2012
Niger,NER,Sub-Saharan Africa,Youth (both),23.52378,2012
Niger,NER,Sub-Saharan Africa,Youth (female),15.05777,2012
Niger,NER,Sub-Saharan Africa,Youth (male),34.53362,2012
Nigeria,NGA,Sub-Saharan Africa,Elderly (both),21.55761,2008
Nigeria,NGA,Sub-Saharan Africa,Elderly (female),11.06294,2008
Nigeria,NGA,Sub-Saharan Africa,Elderly (male),30.09226,2008
Nigeria,NGA,Sub-Saharan Africa,Adult (both),47.54523,2008
Nigeria,NGA,Sub-Saharan Africa,Adult (female),36.78961,2008
Nigeria,NGA,Sub-Saharan Africa,Adult (male),59.00255,2008
Nigeria,NGA,Sub-Saharan Africa,Youth (both),66.38354,2008
Nigeria,NGA,Sub-Saharan Africa,Youth (female),57.95389,2008
Nigeria,NGA,Sub-Saharan Africa,Youth (male),75.56594,2008
Oman,OMN,Middle East & North Africa,Elderly (both),35.04726,2015
Oman,OMN,Middle East & North Africa,Elderly (female),17.51703,2015
Oman,OMN,Middle East & North Africa,Elderly (male),50.79669,2015
Oman,OMN,Middle East & North Africa,Adult (both),95.70887,2016
Oman,OMN,Middle East & North Africa,Adult (female),91.0828,2016
Oman,OMN,Middle East & North Africa,Adult (male),97.46119,2016
Oman,OMN,Middle East & North Africa,Youth (both),98.70356,2016
Oman,OMN,Middle East & North Africa,Youth (female),98.9804,2016
Oman,OMN,Middle East & North Africa,Youth (male),98.51479,2016
Pakistan,PAK,South Asia,Elderly (both),25.29323,2014
Pakistan,PAK,South Asia,Elderly (female),9.96258,2014
Pakistan,PAK,South Asia,Elderly (male),35.70521,2014
Pakistan,PAK,South Asia,Adult (both),50.17697,2014
Pakistan,PAK,South Asia,Adult (female),33.77221,2014
Pakistan,PAK,South Asia,Adult (male),66.24577,2014
Pakistan,PAK,South Asia,Youth (both),72.7954,2014
Pakistan,PAK,South Asia,Youth (female),65.54779,2014
Pakistan,PAK,South Asia,Youth (male),79.76598,2014
Palau,PLW,East Asia & Pacific,Elderly (both),84.7233,2015
Palau,PLW,East Asia & Pacific,Elderly (female),81.34921,2015
Palau,PLW,East Asia & Pacific,Elderly (male),89.56357,2015
Palau,PLW,East Asia & Pacific,Adult (both),97.58547,2015
Palau,PLW,East Asia & Pacific,Adult (female),98.1124,2015
Palau,PLW,East Asia & Pacific,Adult (male),97.1539,2015
Palau,PLW,East Asia & Pacific,Youth (both),98.66444,2015
Palau,PLW,East Asia & Pacific,Youth (female),99.17051,2015
Palau,PLW,East Asia & Pacific,Youth (male),98.24561,2015
Panama,PAN,Latin America & Caribbean,Elderly (both),80.86881,2010
Panama,PAN,Latin America & Caribbean,Elderly (female),80.85443,2010
Panama,PAN,Latin America & Caribbean,Elderly (male),80.8843,2010
Panama,PAN,Latin America & Caribbean,Adult (both),94.88925,2010
Panama,PAN,Latin America & Caribbean,Adult (female),94.15858,2010
Panama,PAN,Latin America & Caribbean,Adult (male),95.62459,2010
Panama,PAN,Latin America & Caribbean,Youth (both),97.63853,2010
Panama,PAN,Latin America & Caribbean,Youth (female),97.33687,2010
Panama,PAN,Latin America & Caribbean,Youth (male),97.93447,2010
Papua New Guinea,PNG,East Asia & Pacific,Elderly (both),29.92515,2000
Papua New Guinea,PNG,East Asia & Pacific,Elderly (female),24.2108,2000
Papua New Guinea,PNG,East Asia & Pacific,Elderly (male),34.47514,2000
Papua New Guinea,PNG,East Asia & Pacific,Adult (both),54.6973,2000
Papua New Guinea,PNG,East Asia & Pacific,Adult (female),46.09002,2000
Papua New Guinea,PNG,East Asia & Pacific,Adult (male),63.05434,2000
Papua New Guinea,PNG,East Asia & Pacific,Youth (both),66.67899,2000
Papua New Guinea,PNG,East Asia & Pacific,Youth (female),64.05813,2000
Papua New Guinea,PNG,East Asia & Pacific,Youth (male),69.13374,2000
Paraguay,PRY,Latin America & Caribbean,Elderly (both),81.19645,2015
Paraguay,PRY,Latin America & Caribbean,Elderly (female),77.67049,2015
Paraguay,PRY,Latin America & Caribbean,Elderly (male),85.17437,2015
Paraguay,PRY,Latin America & Caribbean,Adult (both),96.01429,2015
Paraguay,PRY,Latin America & Caribbean,Adult (female),95.4538,2015
Paraguay,PRY,Latin America & Caribbean,Adult (male),96.62088,2015
Paraguay,PRY,Latin America & Caribbean,Youth (both),98.32855,2015
Paraguay,PRY,Latin America & Caribbean,Youth (female),98.6213,2015
Paraguay,PRY,Latin America & Caribbean,Youth (male),98.04035,2015
Peru,PER,Latin America & Caribbean,Elderly (both),77.70143,2016
Peru,PER,Latin America & Caribbean,Elderly (female),67.37812,2016
Peru,PER,Latin America & Caribbean,Elderly (male),89.93163,2016
Peru,PER,Latin America & Caribbean,Adult (both),94.70299,2016
Peru,PER,Latin America & Caribbean,Adult (female),92.01991,2016
Peru,PER,Latin America & Caribbean,Adult (male),97.39147,2016
Peru,PER,Latin America & Caribbean,Youth (both),98.88349,2016
Peru,PER,Latin America & Caribbean,Youth (female),98.6722,2016
Peru,PER,Latin America & Caribbean,Youth (male),99.08887,2016
Philippines,PHL,East Asia & Pacific,Elderly (both),90.14642,2013
Philippines,PHL,East Asia & Pacific,Elderly (female),89.86873,2013
Philippines,PHL,East Asia & Pacific,Elderly (male),90.51444,2013
Philippines,PHL,East Asia & Pacific,Adult (both),96.27519,2013
Philippines,PHL,East Asia & Pacific,Adult (female),96.7058,2013
Philippines,PHL,East Asia & Pacific,Adult (male),95.84971,2013
Philippines,PHL,East Asia & Pacific,Youth (both),98.10835,2013
Philippines,PHL,East Asia & Pacific,Youth (female),98.81543,2013
Philippines,PHL,East Asia & Pacific,Youth (male),97.42543,2013
Poland,POL,Europe & Central Asia,Elderly (both),98.0676116943359,1994
Poland,POL,Europe & Central Asia,Elderly (female),97.5003890991211,1994
Poland,POL,Europe & Central Asia,Elderly (male),99.0224914550781,1994
Poland,POL,Europe & Central Asia,Adult (both),99.56754,1978
Poland,POL,Europe & Central Asia,Adult (female),99.50455,1978
Poland,POL,Europe & Central Asia,Adult (male),99.63413,1978
Poland,POL,Europe & Central Asia,Youth (both),99.9991836547852,1994
Poland,POL,Europe & Central Asia,Youth (female),99.9992523193359,1994
Poland,POL,Europe & Central Asia,Youth (male),99.9991073608398,1994
Portugal,PRT,Europe & Central Asia,Elderly (both),80.47789,2011
Portugal,PRT,Europe & Central Asia,Elderly (female),75.47733,2011
Portugal,PRT,Europe & Central Asia,Elderly (male),87.41031,2011
Portugal,PRT,Europe & Central Asia,Adult (both),98.32632,2011
Portugal,PRT,Europe & Central Asia,Adult (female),98.35381,2011
Portugal,PRT,Europe & Central Asia,Adult (male),98.29693,2011
Portugal,PRT,Europe & Central Asia,Youth (both),99.43512,2011
Portugal,PRT,Europe & Central Asia,Youth (female),99.47964,2011
Portugal,PRT,Europe & Central Asia,Youth (male),99.3918,2011
Puerto Rico,PRI,Latin America & Caribbean,Elderly (both),84.53075,2010
Puerto Rico,PRI,Latin America & Caribbean,Elderly (female),83.6974,2010
Puerto Rico,PRI,Latin America & Caribbean,Elderly (male),85.60788,2010
Puerto Rico,PRI,Latin America & Caribbean,Adult (both),92.11489,2010
Puerto Rico,PRI,Latin America & Caribbean,Adult (female),93.51616,2010
Puerto Rico,PRI,Latin America & Caribbean,Adult (male),90.54176,2010
Puerto Rico,PRI,Latin America & Caribbean,Youth (both),98.83418,2010
Puerto Rico,PRI,Latin America & Caribbean,Youth (female),98.85419,2010
Puerto Rico,PRI,Latin America & Caribbean,Youth (male),98.81458,2010
Qatar,QAT,Middle East & North Africa,Elderly (both),78.91273,2014
Qatar,QAT,Middle East & North Africa,Elderly (female),59.41176,2014
Qatar,QAT,Middle East & North Africa,Elderly (male),88.55066,2014
Qatar,QAT,Middle East & North Africa,Adult (both),97.77158,2014
Qatar,QAT,Middle East & North Africa,Adult (female),97.74657,2014
Qatar,QAT,Middle East & North Africa,Adult (male),97.77732,2014
Qatar,QAT,Middle East & North Africa,Youth (both),98.71272,2014
Qatar,QAT,Middle East & North Africa,Youth (female),99.64683,2014
Qatar,QAT,Middle East & North Africa,Youth (male),98.38078,2014
Romania,ROU,Europe & Central Asia,Elderly (both),96.7907,2011
Romania,ROU,Europe & Central Asia,Elderly (female),95.60782,2011
Romania,ROU,Europe & Central Asia,Elderly (male),98.54723,2011
Romania,ROU,Europe & Central Asia,Adult (both),99.04333,2011
Romania,ROU,Europe & Central Asia,Adult (female),98.93481,2011
Romania,ROU,Europe & Central Asia,Adult (male),99.15317,2011
Romania,ROU,Europe & Central Asia,Youth (both),98.99569,2011
Romania,ROU,Europe & Central Asia,Youth (female),98.97622,2011
Romania,ROU,Europe & Central Asia,Youth (male),99.01409,2011
Russian Federation,RUS,Europe & Central Asia,Elderly (both),99.15444,2010
Russian Federation,RUS,Europe & Central Asia,Elderly (female),98.96724,2010
Russian Federation,RUS,Europe & Central Asia,Elderly (male),99.56568,2010
Russian Federation,RUS,Europe & Central Asia,Adult (both),99.79603,2010
Russian Federation,RUS,Europe & Central Asia,Adult (female),99.81901,2010
Russian Federation,RUS,Europe & Central Asia,Adult (male),99.77017,2010
Russian Federation,RUS,Europe & Central Asia,Youth (both),99.7096,2010
Russian Federation,RUS,Europe & Central Asia,Youth (female),99.75802,2010
Russian Federation,RUS,Europe & Central Asia,Youth (male),99.66278,2010
Rwanda,RWA,Sub-Saharan Africa,Elderly (both),24.29805,2012
Rwanda,RWA,Sub-Saharan Africa,Elderly (female),13.20081,2012
Rwanda,RWA,Sub-Saharan Africa,Elderly (male),41.66654,2012
Rwanda,RWA,Sub-Saharan Africa,Adult (both),64.232,2012
Rwanda,RWA,Sub-Saharan Africa,Adult (female),59.55169,2012
Rwanda,RWA,Sub-Saharan Africa,Adult (male),69.53993,2012
Rwanda,RWA,Sub-Saharan Africa,Youth (both),82.33075,2012
Rwanda,RWA,Sub-Saharan Africa,Youth (female),83.48739,2012
Rwanda,RWA,Sub-Saharan Africa,Youth (male),81.12005,2012
Samoa,WSM,East Asia & Pacific,Elderly (both),96.3107,2011
Samoa,WSM,East Asia & Pacific,Elderly (female),96.3168,2011
Samoa,WSM,East Asia & Pacific,Elderly (male),96.30314,2011
Samoa,WSM,East Asia & Pacific,Adult (both),97.70909,1991
Samoa,WSM,East Asia & Pacific,Adult (female),97.08889,1991
Samoa,WSM,East Asia & Pacific,Adult (male),98.30714,1991
Samoa,WSM,East Asia & Pacific,Youth (both),99.23566,2011
Samoa,WSM,East Asia & Pacific,Youth (female),99.45804,2011
Samoa,WSM,East Asia & Pacific,Youth (male),99.02962,2011
Sao Tome and Principe,STP,Sub-Saharan Africa,Elderly (both),49.57511,2012
Sao Tome and Principe,STP,Sub-Saharan Africa,Elderly (female),30.34165,2012
Sao Tome and Principe,STP,Sub-Saharan Africa,Elderly (male),74.01792,2012
Sao Tome and Principe,STP,Sub-Saharan Africa,Adult (both),90.78115,2012
Sao Tome and Principe,STP,Sub-Saharan Africa,Adult (female),85.96431,2012
Sao Tome and Principe,STP,Sub-Saharan Africa,Adult (male),95.70092,2012
Sao Tome and Principe,STP,Sub-Saharan Africa,Youth (both),96.7384,2012
Sao Tome and Principe,STP,Sub-Saharan Africa,Youth (female),96.35088,2012
Sao Tome and Principe,STP,Sub-Saharan Africa,Youth (male),97.12077,2012
Saudi Arabia,SAU,Middle East & North Africa,Elderly (both),51.38626,2013
Saudi Arabia,SAU,Middle East & North Africa,Elderly (female),36.59812,2013
Saudi Arabia,SAU,Middle East & North Africa,Elderly (male),64.9589,2013
Saudi Arabia,SAU,Middle East & North Africa,Adult (both),95.21987,2013
Saudi Arabia,SAU,Middle East & North Africa,Adult (female),91.9343,2013
Saudi Arabia,SAU,Middle East & North Africa,Adult (male),97.23091,2013
Saudi Arabia,SAU,Middle East & North Africa,Youth (both),99.22177,2013
Saudi Arabia,SAU,Middle East & North Africa,Youth (female),99.13699,2013
Saudi Arabia,SAU,Middle East & North Africa,Youth (male),99.30072,2013
Senegal,SEN,Sub-Saharan Africa,Elderly (both),21.46485,2013
Senegal,SEN,Sub-Saharan Africa,Elderly (female),7.02091,2013
Senegal,SEN,Sub-Saharan Africa,Elderly (male),36.95836,2013
Senegal,SEN,Sub-Saharan Africa,Adult (both),37.73147,2013
Senegal,SEN,Sub-Saharan Africa,Adult (female),26.79452,2013
Senegal,SEN,Sub-Saharan Africa,Adult (male),49.73747,2013
Senegal,SEN,Sub-Saharan Africa,Youth (both),55.89594,2013
Senegal,SEN,Sub-Saharan Africa,Youth (female),50.96893,2013
Senegal,SEN,Sub-Saharan Africa,Youth (male),61.11376,2013
Serbia,SRB,Europe & Central Asia,Elderly (both),96.55761,2016
Serbia,SRB,Europe & Central Asia,Elderly (female),94.52396,2016
Serbia,SRB,Europe & Central Asia,Elderly (male),99.30828,2016
Serbia,SRB,Europe & Central Asia,Adult (both),99.45279,2016
Serbia,SRB,Europe & Central Asia,Adult (female),99.39394,2016
Serbia,SRB,Europe & Central Asia,Adult (male),99.51265,2016
Serbia,SRB,Europe & Central Asia,Youth (both),99.71982,2016
Serbia,SRB,Europe & Central Asia,Youth (female),99.72468,2016
Serbia,SRB,Europe & Central Asia,Youth (male),99.71523,2016
Seychelles,SYC,Sub-Saharan Africa,Elderly (both),71.53777,2010
Seychelles,SYC,Sub-Saharan Africa,Elderly (female),73.94193,2010
Seychelles,SYC,Sub-Saharan Africa,Elderly (male),67.79141,2010
Seychelles,SYC,Sub-Saharan Africa,Adult (both),95.68287,2010
Seychelles,SYC,Sub-Saharan Africa,Adult (female),96.69328,2010
Seychelles,SYC,Sub-Saharan Africa,Adult (male),94.72741,2010
Seychelles,SYC,Sub-Saharan Africa,Youth (both),98.97134,2010
Seychelles,SYC,Sub-Saharan Africa,Youth (female),99.38308,2010
Seychelles,SYC,Sub-Saharan Africa,Youth (male),98.58672,2010
Sierra Leone,SLE,Sub-Saharan Africa,Elderly (both),3.72468,2013
Sierra Leone,SLE,Sub-Saharan Africa,Elderly (female),0.4025,2013
Sierra Leone,SLE,Sub-Saharan Africa,Elderly (male),7.13478,2013
Sierra Leone,SLE,Sub-Saharan Africa,Adult (both),23.95316,2013
Sierra Leone,SLE,Sub-Saharan Africa,Adult (female),14.75123,2013
Sierra Leone,SLE,Sub-Saharan Africa,Adult (male),34.78517,2013
Sierra Leone,SLE,Sub-Saharan Africa,Youth (both),57.02213,2013
Sierra Leone,SLE,Sub-Saharan Africa,Youth (female),50.85709,2013
Sierra Leone,SLE,Sub-Saharan Africa,Youth (male),64.5305,2013
Singapore,SGP,East Asia & Pacific,Elderly (both),84.04711,2015
Singapore,SGP,East Asia & Pacific,Elderly (female),75.52204,2015
Singapore,SGP,East Asia & Pacific,Elderly (male),94.62572,2015
Singapore,SGP,East Asia & Pacific,Adult (both),97.99731,2016
Singapore,SGP,East Asia & Pacific,Adult (female),97.01817,2016
Singapore,SGP,East Asia & Pacific,Adult (male),99.04367,2016
Singapore,SGP,East Asia & Pacific,Youth (both),99.92658,2016
Singapore,SGP,East Asia & Pacific,Youth (female),99.94051,2016
Singapore,SGP,East Asia & Pacific,Youth (male),99.91319,2016
Slovenia,SVN,Europe & Central Asia,Elderly (both),98.9072265625,1991
Slovenia,SVN,Europe & Central Asia,Elderly (female),98.8203430175781,1991
Slovenia,SVN,Europe & Central Asia,Elderly (male),99.0710983276367,1991
Slovenia,SVN,Europe & Central Asia,Adult (both),99.58619,1991
Slovenia,SVN,Europe & Central Asia,Adult (female),99.53342,1991
Slovenia,SVN,Europe & Central Asia,Adult (male),99.63988,1991
Slovenia,SVN,Europe & Central Asia,Youth (both),99.7577362060547,1991
Slovenia,SVN,Europe & Central Asia,Youth (female),99.7790069580078,1991
Slovenia,SVN,Europe & Central Asia,Youth (male),99.7369689941406,1991
South Africa,ZAF,Sub-Saharan Africa,Elderly (both),72.10399,2015
South Africa,ZAF,Sub-Saharan Africa,Elderly (female),68.66758,2015
South Africa,ZAF,Sub-Saharan Africa,Elderly (male),78.26556,2015
South Africa,ZAF,Sub-Saharan Africa,Adult (both),95.0761,2015
South Africa,ZAF,Sub-Saharan Africa,Adult (female),94.68964,2015
South Africa,ZAF,Sub-Saharan Africa,Adult (male),95.47947,2015
South Africa,ZAF,Sub-Saharan Africa,Youth (both),98.95578,2015
South Africa,ZAF,Sub-Saharan Africa,Youth (female),99.22904,2015
South Africa,ZAF,Sub-Saharan Africa,Youth (male),98.68459,2015
South Sudan,SSD,Sub-Saharan Africa,Elderly (both),10.99341,2008
South Sudan,SSD,Sub-Saharan Africa,Elderly (female),5.95417,2008
South Sudan,SSD,Sub-Saharan Africa,Elderly (male),14.24048,2008
South Sudan,SSD,Sub-Saharan Africa,Adult (both),22.06644,2008
South Sudan,SSD,Sub-Saharan Africa,Adult (female),13.82501,2008
South Sudan,SSD,Sub-Saharan Africa,Adult (male),31.07523,2008
South Sudan,SSD,Sub-Saharan Africa,Youth (both),36.70228,2008
South Sudan,SSD,Sub-Saharan Africa,Youth (female),29.57762,2008
South Sudan,SSD,Sub-Saharan Africa,Youth (male),44.07936,2008
Spain,ESP,Europe & Central Asia,Elderly (both),94.65579,2016
Spain,ESP,Europe & Central Asia,Elderly (female),92.96259,2016
Spain,ESP,Europe & Central Asia,Elderly (male),96.83909,2016
Spain,ESP,Europe & Central Asia,Adult (both),99.20783,2016
Spain,ESP,Europe & Central Asia,Adult (female),99.1382,2016
Spain,ESP,Europe & Central Asia,Adult (male),99.27768,2016
Spain,ESP,Europe & Central Asia,Youth (both),99.62216,2016
Spain,ESP,Europe & Central Asia,Youth (female),99.60606,2016
Spain,ESP,Europe & Central Asia,Youth (male),99.63757,2016
Sri Lanka,LKA,South Asia,Elderly (both),76.69586,2010
Sri Lanka,LKA,South Asia,Elderly (female),69.79488,2010
Sri Lanka,LKA,South Asia,Elderly (male),85.19763,2010
Sri Lanka,LKA,South Asia,Adult (both),91.40077,2010
Sri Lanka,LKA,South Asia,Adult (female),90.76137,2010
Sri Lanka,LKA,South Asia,Adult (male),92.13229,2010
Sri Lanka,LKA,South Asia,Youth (both),98.15793,2010
Sri Lanka,LKA,South Asia,Youth (female),98.58897,2010
Sri Lanka,LKA,South Asia,Youth (male),97.68654,2010
St. Vincent and the Grenadines,VCT,Latin America & Caribbean,Elderly (both),91.0173873901367,1970
St. Vincent and the Grenadines,VCT,Latin America & Caribbean,Elderly (female),90.6999969482422,1970
St. Vincent and the Grenadines,VCT,Latin America & Caribbean,Elderly (male),91.5999984741211,1970
St. Vincent and the Grenadines,VCT,Latin America & Caribbean,Adult (both),94.93726,1970
St. Vincent and the Grenadines,VCT,Latin America & Caribbean,Adult (female),95.01151,1970
St. Vincent and the Grenadines,VCT,Latin America & Caribbean,Adult (male),94.83908,1970
St. Vincent and the Grenadines,VCT,Latin America & Caribbean,Youth (both),97.9629211425781,1970
St. Vincent and the Grenadines,VCT,Latin America & Caribbean,Youth (female),97.9975967407227,1970
St. Vincent and the Grenadines,VCT,Latin America & Caribbean,Youth (male),97.9247894287109,1970
Sudan,SDN,Sub-Saharan Africa,Elderly (both),24.26523,2008
Sudan,SDN,Sub-Saharan Africa,Elderly (female),10.75816,2008
Sudan,SDN,Sub-Saharan Africa,Elderly (male),33.68963,2008
Sudan,SDN,Sub-Saharan Africa,Adult (both),49.64634,2008
Sudan,SDN,Sub-Saharan Africa,Adult (female),40.91156,2008
Sudan,SDN,Sub-Saharan Africa,Adult (male),57.90648,2008
Sudan,SDN,Sub-Saharan Africa,Youth (both),65.80535,2008
Sudan,SDN,Sub-Saharan Africa,Youth (female),62.71716,2008
Sudan,SDN,Sub-Saharan Africa,Youth (male),68.66786,2008
Suriname,SUR,Latin America & Caribbean,Elderly (both),75.95851,2012
Suriname,SUR,Latin America & Caribbean,Elderly (female),71.53077,2012
Suriname,SUR,Latin America & Caribbean,Elderly (male),81.49007,2012
Suriname,SUR,Latin America & Caribbean,Adult (both),93.54453,2012
Suriname,SUR,Latin America & Caribbean,Adult (female),91.7686,2012
Suriname,SUR,Latin America & Caribbean,Adult (male),95.43292,2012
Suriname,SUR,Latin America & Caribbean,Youth (both),97.6679,2012
Suriname,SUR,Latin America & Caribbean,Youth (female),97.25966,2012
Suriname,SUR,Latin America & Caribbean,Youth (male),98.08572,2012
Swaziland,SWZ,Sub-Saharan Africa,Elderly (both),45.17886,2010
Swaziland,SWZ,Sub-Saharan Africa,Elderly (female),40.07399,2010
Swaziland,SWZ,Sub-Saharan Africa,Elderly (male),52.86786,2010
Swaziland,SWZ,Sub-Saharan Africa,Adult (both),81.84026,2010
Swaziland,SWZ,Sub-Saharan Africa,Adult (female),81.72236,2010
Swaziland,SWZ,Sub-Saharan Africa,Adult (male),81.99676,2010
Swaziland,SWZ,Sub-Saharan Africa,Youth (both),93.5023,2010
Swaziland,SWZ,Sub-Saharan Africa,Youth (female),94.74849,2010
Swaziland,SWZ,Sub-Saharan Africa,Youth (male),92.18742,2010
Syrian Arab Republic,SYR,Middle East & North Africa,Elderly (both),39.04337,2004
Syrian Arab Republic,SYR,Middle East & North Africa,Elderly (female),23.01449,2004
Syrian Arab Republic,SYR,Middle East & North Africa,Elderly (male),52.95215,2004
Syrian Arab Republic,SYR,Middle East & North Africa,Adult (both),77.44514,2004
Syrian Arab Republic,SYR,Middle East & North Africa,Adult (female),67.65711,2004
Syrian Arab Republic,SYR,Middle East & North Africa,Adult (male),86.87296,2004
Syrian Arab Republic,SYR,Middle East & North Africa,Youth (both),92.45381,2004
Syrian Arab Republic,SYR,Middle East & North Africa,Youth (female),90.21858,2004
Syrian Arab Republic,SYR,Middle East & North Africa,Youth (male),94.60731,2004
Tajikistan,TJK,Europe & Central Asia,Elderly (both),95.09786,2000
Tajikistan,TJK,Europe & Central Asia,Elderly (female),93.00336,2000
Tajikistan,TJK,Europe & Central Asia,Elderly (male),97.57014,2000
Tajikistan,TJK,Europe & Central Asia,Adult (both),99.67999,2000
Tajikistan,TJK,Europe & Central Asia,Adult (female),99.57166,2000
Tajikistan,TJK,Europe & Central Asia,Adult (male),99.78753,2000
Tajikistan,TJK,Europe & Central Asia,Youth (both),99.84706,2000
Tajikistan,TJK,Europe & Central Asia,Youth (female),99.84972,2000
Tajikistan,TJK,Europe & Central Asia,Youth (male),99.84443,2000
Tanzania,TZA,Sub-Saharan Africa,Elderly (both),43.46219,2015
Tanzania,TZA,Sub-Saharan Africa,Elderly (female),29.71444,2015
Tanzania,TZA,Sub-Saharan Africa,Elderly (male),58.86074,2015
Tanzania,TZA,Sub-Saharan Africa,Adult (both),77.4798,2015
Tanzania,TZA,Sub-Saharan Africa,Adult (female),71.61079,2015
Tanzania,TZA,Sub-Saharan Africa,Adult (male),83.91896,2015
Tanzania,TZA,Sub-Saharan Africa,Youth (both),85.75514,2015
Tanzania,TZA,Sub-Saharan Africa,Youth (female),84.6408,2015
Tanzania,TZA,Sub-Saharan Africa,Youth (male),87.0131,2015
Thailand,THA,East Asia & Pacific,Elderly (both),78.73101,2015
Thailand,THA,East Asia & Pacific,Elderly (female),73.27314,2015
Thailand,THA,East Asia & Pacific,Elderly (male),85.39046,2015
Thailand,THA,East Asia & Pacific,Adult (both),94.80962,2015
Thailand,THA,East Asia & Pacific,Adult (female),93.90205,2015
Thailand,THA,East Asia & Pacific,Adult (male),95.77031,2015
Thailand,THA,East Asia & Pacific,Youth (both),98.14663,2015
Thailand,THA,East Asia & Pacific,Youth (female),98.29299,2015
Thailand,THA,East Asia & Pacific,Youth (male),98.00288,2015
Timor-Leste,TLS,East Asia & Pacific,Elderly (both),11.17163,2010
Timor-Leste,TLS,East Asia & Pacific,Elderly (female),7.70593,2010
Timor-Leste,TLS,East Asia & Pacific,Elderly (male),14.70806,2010
Timor-Leste,TLS,East Asia & Pacific,Adult (both),52.56411,2010
Timor-Leste,TLS,East Asia & Pacific,Adult (female),44.3584,2010
Timor-Leste,TLS,East Asia & Pacific,Adult (male),60.5671,2010
Timor-Leste,TLS,East Asia & Pacific,Youth (both),79.52868,2010
Timor-Leste,TLS,East Asia & Pacific,Youth (female),78.56844,2010
Timor-Leste,TLS,East Asia & Pacific,Youth (male),80.48976,2010
Togo,TGO,Sub-Saharan Africa,Elderly (both),20.40721,2015
Togo,TGO,Sub-Saharan Africa,Elderly (female),6.29311,2015
Togo,TGO,Sub-Saharan Africa,Elderly (male),39.34271,2015
Togo,TGO,Sub-Saharan Africa,Adult (both),58.99527,2015
Togo,TGO,Sub-Saharan Africa,Adult (female),45.28717,2015
Togo,TGO,Sub-Saharan Africa,Adult (male),74.71812,2015
Togo,TGO,Sub-Saharan Africa,Youth (both),84.29011,2015
Togo,TGO,Sub-Saharan Africa,Youth (female),78.37085,2015
Togo,TGO,Sub-Saharan Africa,Youth (male),89.67247,2015
Tonga,TON,East Asia & Pacific,Elderly (both),98.86195,2011
Tonga,TON,East Asia & Pacific,Elderly (female),98.8404,2011
Tonga,TON,East Asia & Pacific,Elderly (male),98.88729,2011
Tonga,TON,East Asia & Pacific,Adult (both),99.44109,2011
Tonga,TON,East Asia & Pacific,Adult (female),99.4951,2011
Tonga,TON,East Asia & Pacific,Adult (male),99.38413,2011
Tonga,TON,East Asia & Pacific,Youth (both),99.43703,2011
Tonga,TON,East Asia & Pacific,Youth (female),99.51043,2011
Tonga,TON,East Asia & Pacific,Youth (male),99.36657,2011
Trinidad and Tobago,TTO,Latin America & Caribbean,Elderly (both),82.7649536132813,1990
Trinidad and Tobago,TTO,Latin America & Caribbean,Elderly (female),76.3000030517578,1990
Trinidad and Tobago,TTO,Latin America & Caribbean,Elderly (male),89.0,1990
Trinidad and Tobago,TTO,Latin America & Caribbean,Adult (both),97.71027,1990
Trinidad and Tobago,TTO,Latin America & Caribbean,Adult (female),96.7094,1990
Trinidad and Tobago,TTO,Latin America & Caribbean,Adult (male),98.51827,1990
Trinidad and Tobago,TTO,Latin America & Caribbean,Youth (both),99.3000030517578,1990
Trinidad and Tobago,TTO,Latin America & Caribbean,Youth (female),99.3000030517578,1990
Trinidad and Tobago,TTO,Latin America & Caribbean,Youth (male),99.3000030517578,1990
Tunisia,TUN,Middle East & North Africa,Elderly (both),39.77147,2014
Tunisia,TUN,Middle East & North Africa,Elderly (female),24.38121,2014
Tunisia,TUN,Middle East & North Africa,Elderly (male),55.79372,2014
Tunisia,TUN,Middle East & North Africa,Adult (both),80.88911,2014
Tunisia,TUN,Middle East & North Africa,Adult (female),73.81278,2014
Tunisia,TUN,Middle East & North Africa,Adult (male),88.27476,2014
Tunisia,TUN,Middle East & North Africa,Youth (both),96.2091,2014
Tunisia,TUN,Middle East & North Africa,Youth (female),95.80119,2014
Tunisia,TUN,Middle East & North Africa,Youth (male),96.61184,2014
Turkey,TUR,Europe & Central Asia,Elderly (both),78.08592,2015
Turkey,TUR,Europe & Central Asia,Elderly (female),67.42599,2015
Turkey,TUR,Europe & Central Asia,Elderly (male),91.76238,2015
Turkey,TUR,Europe & Central Asia,Adult (both),97.16544,2015
Turkey,TUR,Europe & Central Asia,Adult (female),95.17587,2015
Turkey,TUR,Europe & Central Asia,Adult (male),99.12567,2015
Turkey,TUR,Europe & Central Asia,Youth (both),99.49439,2015
Turkey,TUR,Europe & Central Asia,Youth (female),99.16708,2015
Turkey,TUR,Europe & Central Asia,Youth (male),99.8061,2015
Turkmenistan,TKM,Europe & Central Asia,Elderly (both),88.0918502807617,1995
Turkmenistan,TKM,Europe & Central Asia,Elderly (female),85.3730621337891,1995
Turkmenistan,TKM,Europe & Central Asia,Elderly (male),92.5085220336914,1995
Turkmenistan,TKM,Europe & Central Asia,Adult (both),99.31586,1995
Turkmenistan,TKM,Europe & Central Asia,Adult (female),99.04132,1995
Turkmenistan,TKM,Europe & Central Asia,Adult (male),99.60251,1995
Turkmenistan,TKM,Europe & Central Asia,Youth (both),99.810417175293,1995
Turkmenistan,TKM,Europe & Central Asia,Youth (female),99.8129272460938,1995
Turkmenistan,TKM,Europe & Central Asia,Youth (male),99.8079071044922,1995
Uganda,UGA,Sub-Saharan Africa,Elderly (both),36.08221,2012
Uganda,UGA,Sub-Saharan Africa,Elderly (female),17.88075,2012
Uganda,UGA,Sub-Saharan Africa,Elderly (male),57.95687,2012
Uganda,UGA,Sub-Saharan Africa,Adult (both),64.02713,2012
Uganda,UGA,Sub-Saharan Africa,Adult (female),52.83418,2012
Uganda,UGA,Sub-Saharan Africa,Adult (male),76.34058,2012
Uganda,UGA,Sub-Saharan Africa,Youth (both),83.65888,2012
Uganda,UGA,Sub-Saharan Africa,Youth (female),81.6542,2012
Uganda,UGA,Sub-Saharan Africa,Youth (male),85.75978,2012
Ukraine,UKR,Europe & Central Asia,Elderly (both),99.95277,2012
Ukraine,UKR,Europe & Central Asia,Elderly (female),99.9268,2012
Ukraine,UKR,Europe & Central Asia,Elderly (male),100.0,2012
Ukraine,UKR,Europe & Central Asia,Adult (both),99.98096,2012
Ukraine,UKR,Europe & Central Asia,Adult (female),99.96463,2012
Ukraine,UKR,Europe & Central Asia,Adult (male),99.99987,2012
Ukraine,UKR,Europe & Central Asia,Youth (both),99.96976,2012
Ukraine,UKR,Europe & Central Asia,Youth (female),99.98272,2012
Ukraine,UKR,Europe & Central Asia,Youth (male),99.95707,2012
United Arab Emirates,ARE,Middle East & North Africa,Elderly (both),42.0723,2005
United Arab Emirates,ARE,Middle East & North Africa,Elderly (female),28.08792,2005
United Arab Emirates,ARE,Middle East & North Africa,Elderly (male),51.78129,2005
United Arab Emirates,ARE,Middle East & North Africa,Adult (both),89.37963,2005
United Arab Emirates,ARE,Middle East & North Africa,Adult (female),90.46471,2005
United Arab Emirates,ARE,Middle East & North Africa,Adult (male),89.03442,2005
United Arab Emirates,ARE,Middle East & North Africa,Youth (both),95.00645,2005
United Arab Emirates,ARE,Middle East & North Africa,Youth (female),97.00174,2005
United Arab Emirates,ARE,Middle East & North Africa,Youth (male),93.62515,2005
Uruguay,URY,Latin America & Caribbean,Elderly (both),97.02598,2015
Uruguay,URY,Latin America & Caribbean,Elderly (female),97.66323,2015
Uruguay,URY,Latin America & Caribbean,Elderly (male),96.04317,2015
Uruguay,URY,Latin America & Caribbean,Adult (both),98.81796,2015
Uruguay,URY,Latin America & Caribbean,Adult (female),99.16035,2015
Uruguay,URY,Latin America & Caribbean,Adult (male),98.45986,2015
Uruguay,URY,Latin America & Caribbean,Youth (both),98.9276,2015
Uruguay,URY,Latin America & Caribbean,Youth (female),99.22868,2015
Uruguay,URY,Latin America & Caribbean,Youth (male),98.63845,2015
Uzbekistan,UZB,Europe & Central Asia,Elderly (both),99.72267,2015
Uzbekistan,UZB,Europe & Central Asia,Elderly (female),99.6261,2015
Uzbekistan,UZB,Europe & Central Asia,Elderly (male),99.84595,2015
Uzbekistan,UZB,Europe & Central Asia,Adult (both),100.0,2015
Uzbekistan,UZB,Europe & Central Asia,Adult (female),100.0,2015
Uzbekistan,UZB,Europe & Central Asia,Adult (male),100.0,2015
Uzbekistan,UZB,Europe & Central Asia,Youth (both),100.0,2015
Uzbekistan,UZB,Europe & Central Asia,Youth (female),100.0,2015
Uzbekistan,UZB,Europe & Central Asia,Youth (male),100.0,2015
Vanuatu,VUT,East Asia & Pacific,Elderly (both),32.0016593933105,1994
Vanuatu,VUT,East Asia & Pacific,Elderly (female),24.8915901184082,1994
Vanuatu,VUT,East Asia & Pacific,Elderly (male),37.5992813110352,1994
Vanuatu,VUT,East Asia & Pacific,Adult (both),44.25909,1979
Vanuatu,VUT,East Asia & Pacific,Adult (female),37.42493,1979
Vanuatu,VUT,East Asia & Pacific,Adult (male),50.15056,1979
Vanuatu,VUT,East Asia & Pacific,Youth (both),86.252098083496,1994
Vanuatu,VUT,East Asia & Pacific,Youth (female),85.1684417724609,1994
Vanuatu,VUT,East Asia & Pacific,Youth (male),87.3034362792969,1994
"Venezuela, RB",VEN,Latin America & Caribbean,Elderly (both),88.10031,2016
"Venezuela, RB",VEN,Latin America & Caribbean,Elderly (female),86.71391,2016
"Venezuela, RB",VEN,Latin America & Caribbean,Elderly (male),89.81153,2016
"Venezuela, RB",VEN,Latin America & Caribbean,Adult (both),97.78481,2016
"Venezuela, RB",VEN,Latin America & Caribbean,Adult (female),98.14637,2016
"Venezuela, RB",VEN,Latin America & Caribbean,Adult (male),97.41915,2016
"Venezuela, RB",VEN,Latin America & Caribbean,Youth (both),98.75951,2016
"Venezuela, RB",VEN,Latin America & Caribbean,Youth (female),99.09258,2016
"Venezuela, RB",VEN,Latin America & Caribbean,Youth (male),98.44194,2016
Vietnam,VNM,East Asia & Pacific,Elderly (both),76.85385,2009
Vietnam,VNM,East Asia & Pacific,Elderly (female),67.43112,2009
Vietnam,VNM,East Asia & Pacific,Elderly (male),91.10164,2009
Vietnam,VNM,East Asia & Pacific,Adult (both),94.35661,2009
Vietnam,VNM,East Asia & Pacific,Adult (female),93.12224,2009
Vietnam,VNM,East Asia & Pacific,Adult (male),95.64109,2009
Vietnam,VNM,East Asia & Pacific,Youth (both),97.09167,2009
Vietnam,VNM,East Asia & Pacific,Youth (female),96.78113,2009
Vietnam,VNM,East Asia & Pacific,Youth (male),97.39524,2009
West Bank and Gaza,PSE,Middle East & North Africa,Elderly (both),63.93363,2016
West Bank and Gaza,PSE,Middle East & North Africa,Elderly (female),49.84023,2016
West Bank and Gaza,PSE,Middle East & North Africa,Elderly (male),82.37489,2016
West Bank and Gaza,PSE,Middle East & North Africa,Adult (both),96.85034,2016
West Bank and Gaza,PSE,Middle East & North Africa,Adult (female),94.96933,2016
West Bank and Gaza,PSE,Middle East & North Africa,Adult (male),98.67616,2016
West Bank and Gaza,PSE,Middle East & North Africa,Youth (both),99.38371,2016
West Bank and Gaza,PSE,Middle East & North Africa,Youth (female),99.31307,2016
West Bank and Gaza,PSE,Middle East & North Africa,Youth (male),99.45153,2016
"Yemen, Rep.",YEM,Middle East & North Africa,Elderly (both),11.2432699203491,1994
"Yemen, Rep.",YEM,Middle East & North Africa,Elderly (female),1.05745005607605,1994
"Yemen, Rep.",YEM,Middle East & North Africa,Elderly (male),20.3967990875244,1994
"Yemen, Rep.",YEM,Middle East & North Africa,Adult (both),26.81224,1994
"Yemen, Rep.",YEM,Middle East & North Africa,Adult (female),8.921,1994
"Yemen, Rep.",YEM,Middle East & North Africa,Adult (male),45.32902,1994
"Yemen, Rep.",YEM,Middle East & North Africa,Youth (both),60.2221412658691,1994
"Yemen, Rep.",YEM,Middle East & North Africa,Youth (female),35.3777313232422,1994
"Yemen, Rep.",YEM,Middle East & North Africa,Youth (male),82.8042221069335,1994
Zambia,ZMB,Sub-Saharan Africa,Elderly (both),52.34441,2010
Zambia,ZMB,Sub-Saharan Africa,Elderly (female),34.23652,2010
Zambia,ZMB,Sub-Saharan Africa,Elderly (male),72.87272,2010
Zambia,ZMB,Sub-Saharan Africa,Adult (both),81.92025,2010
Zambia,ZMB,Sub-Saharan Africa,Adult (female),75.70939,2010
Zambia,ZMB,Sub-Saharan Africa,Adult (male),88.41171,2010
Zambia,ZMB,Sub-Saharan Africa,Youth (both),88.71456,2010
Zambia,ZMB,Sub-Saharan Africa,Youth (female),86.50945,2010
Zambia,ZMB,Sub-Saharan Africa,Youth (male),91.19563,2010
Zimbabwe,ZWE,Sub-Saharan Africa,Elderly (both),81.1269,2014
Zimbabwe,ZWE,Sub-Saharan Africa,Elderly (female),73.42576,2014
Zimbabwe,ZWE,Sub-Saharan Africa,Elderly (male),92.72311,2014
Zimbabwe,ZWE,Sub-Saharan Africa,Adult (both),88.78737,2014
Zimbabwe,ZWE,Sub-Saharan Africa,Adult (female),88.04848,2014
Zimbabwe,ZWE,Sub-Saharan Africa,Adult (male),89.72554,2014
Zimbabwe,ZWE,Sub-Saharan Africa,Youth (both),90.42812,2014
Zimbabwe,ZWE,Sub-Saharan Africa,Youth (female),93.18835,2014
Zimbabwe,ZWE,Sub-Saharan Africa,Youth (male),87.59186,2014
